gt type,
device,
sw version,
samples per ui, 65
ui width,1
date,
time,
voltage interval,8
sweep test settings,RX Sampling Point,,,
sweep test settings,TX Diff Swing,,,
sweep test settings,TX Pre-Cursor,,,
sweep test settings,TX Post-Cursor,,,
==========================================
Iteration,Elapsed Time,TX Diff Swing,TX Pre-Cursor,TX Post-Cursor,Voltage,RX Sampling Point(tap),Link,ES_VERT_OFFSET,ES_HORZ_OFFSET,BER
0,NA,NA,NA,NA,-120,-32,NA,NA,NA,1.43E-001
1,NA,NA,NA,NA,-120,-31,NA,NA,NA,1.40E-001
2,NA,NA,NA,NA,-120,-30,NA,NA,NA,1.29E-001
3,NA,NA,NA,NA,-120,-29,NA,NA,NA,1.17E-001
4,NA,NA,NA,NA,-120,-28,NA,NA,NA,9.49E-002
5,NA,NA,NA,NA,-120,-27,NA,NA,NA,6.66E-002
6,NA,NA,NA,NA,-120,-26,NA,NA,NA,4.20E-002
7,NA,NA,NA,NA,-120,-25,NA,NA,NA,2.22E-002
8,NA,NA,NA,NA,-120,-24,NA,NA,NA,9.74E-003
9,NA,NA,NA,NA,-120,-23,NA,NA,NA,3.81E-003
10,NA,NA,NA,NA,-120,-22,NA,NA,NA,7.51E-004
11,NA,NA,NA,NA,-120,-21,NA,NA,NA,1.28E-005
12,NA,NA,NA,NA,-120,-20,NA,NA,NA,7.08E-009
13,NA,NA,NA,NA,-120,-19,NA,NA,NA,1.12E-009
14,NA,NA,NA,NA,-120,-18,NA,NA,NA,3.73E-010
15,NA,NA,NA,NA,-120,-17,NA,NA,NA,1.12E-009
16,NA,NA,NA,NA,-120,-16,NA,NA,NA,1.12E-009
17,NA,NA,NA,NA,-120,-15,NA,NA,NA,2.98E-009
18,NA,NA,NA,NA,-120,-14,NA,NA,NA,2.61E-009
19,NA,NA,NA,NA,-120,-13,NA,NA,NA,2.24E-009
20,NA,NA,NA,NA,-120,-12,NA,NA,NA,1.14E-006
21,NA,NA,NA,NA,-120,-11,NA,NA,NA,6.77E-006
22,NA,NA,NA,NA,-120,-10,NA,NA,NA,9.25E-006
23,NA,NA,NA,NA,-120,-9,NA,NA,NA,1.01E-004
24,NA,NA,NA,NA,-120,-8,NA,NA,NA,1.43E-003
25,NA,NA,NA,NA,-120,-7,NA,NA,NA,1.67E-003
26,NA,NA,NA,NA,-120,-6,NA,NA,NA,3.03E-003
27,NA,NA,NA,NA,-120,-5,NA,NA,NA,4.06E-003
28,NA,NA,NA,NA,-120,-4,NA,NA,NA,4.45E-003
29,NA,NA,NA,NA,-120,-3,NA,NA,NA,5.05E-003
30,NA,NA,NA,NA,-120,-2,NA,NA,NA,1.12E-002
31,NA,NA,NA,NA,-120,-1,NA,NA,NA,1.52E-002
32,NA,NA,NA,NA,-120,0,NA,NA,NA,2.04E-002
33,NA,NA,NA,NA,-120,1,NA,NA,NA,3.21E-002
34,NA,NA,NA,NA,-120,2,NA,NA,NA,4.16E-002
35,NA,NA,NA,NA,-120,3,NA,NA,NA,4.18E-002
36,NA,NA,NA,NA,-120,4,NA,NA,NA,4.82E-002
37,NA,NA,NA,NA,-120,5,NA,NA,NA,5.26E-002
38,NA,NA,NA,NA,-120,6,NA,NA,NA,5.79E-002
39,NA,NA,NA,NA,-120,7,NA,NA,NA,6.24E-002
40,NA,NA,NA,NA,-120,8,NA,NA,NA,6.70E-002
41,NA,NA,NA,NA,-120,9,NA,NA,NA,6.88E-002
42,NA,NA,NA,NA,-120,10,NA,NA,NA,6.95E-002
43,NA,NA,NA,NA,-120,11,NA,NA,NA,6.95E-002
44,NA,NA,NA,NA,-120,12,NA,NA,NA,6.97E-002
45,NA,NA,NA,NA,-120,13,NA,NA,NA,6.97E-002
46,NA,NA,NA,NA,-120,14,NA,NA,NA,7.27E-002
47,NA,NA,NA,NA,-120,15,NA,NA,NA,7.27E-002
48,NA,NA,NA,NA,-120,16,NA,NA,NA,7.27E-002
49,NA,NA,NA,NA,-120,17,NA,NA,NA,7.27E-002
50,NA,NA,NA,NA,-120,18,NA,NA,NA,7.27E-002
51,NA,NA,NA,NA,-120,19,NA,NA,NA,7.27E-002
52,NA,NA,NA,NA,-120,20,NA,NA,NA,7.27E-002
53,NA,NA,NA,NA,-120,21,NA,NA,NA,7.27E-002
54,NA,NA,NA,NA,-120,22,NA,NA,NA,7.27E-002
55,NA,NA,NA,NA,-120,23,NA,NA,NA,7.27E-002
56,NA,NA,NA,NA,-120,24,NA,NA,NA,7.62E-002
57,NA,NA,NA,NA,-120,25,NA,NA,NA,7.62E-002
58,NA,NA,NA,NA,-120,26,NA,NA,NA,7.62E-002
59,NA,NA,NA,NA,-120,27,NA,NA,NA,7.62E-002
60,NA,NA,NA,NA,-120,28,NA,NA,NA,7.62E-002
61,NA,NA,NA,NA,-120,29,NA,NA,NA,7.62E-002
62,NA,NA,NA,NA,-120,30,NA,NA,NA,8.00E-002
63,NA,NA,NA,NA,-120,31,NA,NA,NA,8.47E-002
64,NA,NA,NA,NA,-120,32,NA,NA,NA,9.08E-002
65,NA,NA,NA,NA,-112,-32,NA,NA,NA,1.42E-001
66,NA,NA,NA,NA,-112,-31,NA,NA,NA,1.35E-001
67,NA,NA,NA,NA,-112,-30,NA,NA,NA,1.23E-001
68,NA,NA,NA,NA,-112,-29,NA,NA,NA,1.08E-001
69,NA,NA,NA,NA,-112,-28,NA,NA,NA,8.08E-002
70,NA,NA,NA,NA,-112,-27,NA,NA,NA,5.49E-002
71,NA,NA,NA,NA,-112,-26,NA,NA,NA,3.20E-002
72,NA,NA,NA,NA,-112,-25,NA,NA,NA,1.55E-002
73,NA,NA,NA,NA,-112,-24,NA,NA,NA,6.79E-003
74,NA,NA,NA,NA,-112,-23,NA,NA,NA,2.04E-003
75,NA,NA,NA,NA,-112,-22,NA,NA,NA,1.84E-004
76,NA,NA,NA,NA,-112,-21,NA,NA,NA,1.43E-006
77,NA,NA,NA,NA,-112,-20,NA,NA,NA,3.73E-010
78,NA,NA,NA,NA,-112,-19,NA,NA,NA,3.7253471427481496e-10
79,NA,NA,NA,NA,-112,-18,NA,NA,NA,3.7253471427481496e-10
80,NA,NA,NA,NA,-112,-17,NA,NA,NA,3.7253471427481496e-10
81,NA,NA,NA,NA,-112,-16,NA,NA,NA,3.7253471427481496e-10
82,NA,NA,NA,NA,-112,-15,NA,NA,NA,3.7253471427481496e-10
83,NA,NA,NA,NA,-112,-14,NA,NA,NA,7.45E-010
84,NA,NA,NA,NA,-112,-13,NA,NA,NA,3.7253471427481496e-10
85,NA,NA,NA,NA,-112,-12,NA,NA,NA,7.45E-010
86,NA,NA,NA,NA,-112,-11,NA,NA,NA,7.45E-010
87,NA,NA,NA,NA,-112,-10,NA,NA,NA,7.45E-010
88,NA,NA,NA,NA,-112,-9,NA,NA,NA,1.12E-009
89,NA,NA,NA,NA,-112,-8,NA,NA,NA,7.45E-010
90,NA,NA,NA,NA,-112,-7,NA,NA,NA,1.86E-009
91,NA,NA,NA,NA,-112,-6,NA,NA,NA,2.24E-009
92,NA,NA,NA,NA,-112,-5,NA,NA,NA,3.73E-010
93,NA,NA,NA,NA,-112,-4,NA,NA,NA,2.03E-007
94,NA,NA,NA,NA,-112,-3,NA,NA,NA,1.22E-004
95,NA,NA,NA,NA,-112,-2,NA,NA,NA,8.70E-004
96,NA,NA,NA,NA,-112,-1,NA,NA,NA,3.19E-003
97,NA,NA,NA,NA,-112,0,NA,NA,NA,4.70E-003
98,NA,NA,NA,NA,-112,1,NA,NA,NA,5.12E-003
99,NA,NA,NA,NA,-112,2,NA,NA,NA,1.14E-002
100,NA,NA,NA,NA,-112,3,NA,NA,NA,1.46E-002
101,NA,NA,NA,NA,-112,4,NA,NA,NA,2.40E-002
102,NA,NA,NA,NA,-112,5,NA,NA,NA,2.87E-002
103,NA,NA,NA,NA,-112,6,NA,NA,NA,3.43E-002
104,NA,NA,NA,NA,-112,7,NA,NA,NA,3.96E-002
105,NA,NA,NA,NA,-112,8,NA,NA,NA,4.52E-002
106,NA,NA,NA,NA,-112,9,NA,NA,NA,5.05E-002
107,NA,NA,NA,NA,-112,10,NA,NA,NA,5.74E-002
108,NA,NA,NA,NA,-112,11,NA,NA,NA,6.18E-002
109,NA,NA,NA,NA,-112,12,NA,NA,NA,6.63E-002
110,NA,NA,NA,NA,-112,13,NA,NA,NA,6.75E-002
111,NA,NA,NA,NA,-112,14,NA,NA,NA,6.79E-002
112,NA,NA,NA,NA,-112,15,NA,NA,NA,6.80E-002
113,NA,NA,NA,NA,-112,16,NA,NA,NA,6.80E-002
114,NA,NA,NA,NA,-112,17,NA,NA,NA,6.84E-002
115,NA,NA,NA,NA,-112,18,NA,NA,NA,6.87E-002
116,NA,NA,NA,NA,-112,19,NA,NA,NA,6.88E-002
117,NA,NA,NA,NA,-112,20,NA,NA,NA,6.87E-002
118,NA,NA,NA,NA,-112,21,NA,NA,NA,6.87E-002
119,NA,NA,NA,NA,-112,22,NA,NA,NA,6.87E-002
120,NA,NA,NA,NA,-112,23,NA,NA,NA,6.88E-002
121,NA,NA,NA,NA,-112,24,NA,NA,NA,6.87E-002
122,NA,NA,NA,NA,-112,25,NA,NA,NA,6.87E-002
123,NA,NA,NA,NA,-112,26,NA,NA,NA,6.87E-002
124,NA,NA,NA,NA,-112,27,NA,NA,NA,6.87E-002
125,NA,NA,NA,NA,-112,28,NA,NA,NA,6.87E-002
126,NA,NA,NA,NA,-112,29,NA,NA,NA,6.87E-002
127,NA,NA,NA,NA,-112,30,NA,NA,NA,6.88E-002
128,NA,NA,NA,NA,-112,31,NA,NA,NA,6.97E-002
129,NA,NA,NA,NA,-112,32,NA,NA,NA,7.36E-002
130,NA,NA,NA,NA,-104,-32,NA,NA,NA,1.39E-001
131,NA,NA,NA,NA,-104,-31,NA,NA,NA,1.31E-001
132,NA,NA,NA,NA,-104,-30,NA,NA,NA,1.17E-001
133,NA,NA,NA,NA,-104,-29,NA,NA,NA,1.00E-001
134,NA,NA,NA,NA,-104,-28,NA,NA,NA,6.86E-002
135,NA,NA,NA,NA,-104,-27,NA,NA,NA,4.55E-002
136,NA,NA,NA,NA,-104,-26,NA,NA,NA,2.41E-002
137,NA,NA,NA,NA,-104,-25,NA,NA,NA,1.12E-002
138,NA,NA,NA,NA,-104,-24,NA,NA,NA,4.31E-003
139,NA,NA,NA,NA,-104,-23,NA,NA,NA,8.86E-004
140,NA,NA,NA,NA,-104,-22,NA,NA,NA,4.43E-005
141,NA,NA,NA,NA,-104,-21,NA,NA,NA,1.79E-008
142,NA,NA,NA,NA,-104,-20,NA,NA,NA,3.7253471427481496e-10
143,NA,NA,NA,NA,-104,-19,NA,NA,NA,3.7253471427481496e-10
144,NA,NA,NA,NA,-104,-18,NA,NA,NA,3.7253471427481496e-10
145,NA,NA,NA,NA,-104,-17,NA,NA,NA,3.7253471427481496e-10
146,NA,NA,NA,NA,-104,-16,NA,NA,NA,3.7253471427481496e-10
147,NA,NA,NA,NA,-104,-15,NA,NA,NA,3.7253471427481496e-10
148,NA,NA,NA,NA,-104,-14,NA,NA,NA,3.7253471427481496e-10
149,NA,NA,NA,NA,-104,-13,NA,NA,NA,3.7253471427481496e-10
150,NA,NA,NA,NA,-104,-12,NA,NA,NA,3.7253471427481496e-10
151,NA,NA,NA,NA,-104,-11,NA,NA,NA,3.7253471427481496e-10
152,NA,NA,NA,NA,-104,-10,NA,NA,NA,3.7253471427481496e-10
153,NA,NA,NA,NA,-104,-9,NA,NA,NA,3.7253471427481496e-10
154,NA,NA,NA,NA,-104,-8,NA,NA,NA,3.7253471427481496e-10
155,NA,NA,NA,NA,-104,-7,NA,NA,NA,3.7253471427481496e-10
156,NA,NA,NA,NA,-104,-6,NA,NA,NA,3.7253471427481496e-10
157,NA,NA,NA,NA,-104,-5,NA,NA,NA,3.7253471427481496e-10
158,NA,NA,NA,NA,-104,-4,NA,NA,NA,7.45E-010
159,NA,NA,NA,NA,-104,-3,NA,NA,NA,1.49E-009
160,NA,NA,NA,NA,-104,-2,NA,NA,NA,1.86E-009
161,NA,NA,NA,NA,-104,-1,NA,NA,NA,3.58E-008
162,NA,NA,NA,NA,-104,0,NA,NA,NA,8.01E-006
163,NA,NA,NA,NA,-104,1,NA,NA,NA,2.83E-004
164,NA,NA,NA,NA,-104,2,NA,NA,NA,2.94E-003
165,NA,NA,NA,NA,-104,3,NA,NA,NA,3.99E-003
166,NA,NA,NA,NA,-104,4,NA,NA,NA,5.42E-003
167,NA,NA,NA,NA,-104,5,NA,NA,NA,8.30E-003
168,NA,NA,NA,NA,-104,6,NA,NA,NA,1.32E-002
169,NA,NA,NA,NA,-104,7,NA,NA,NA,2.00E-002
170,NA,NA,NA,NA,-104,8,NA,NA,NA,2.66E-002
171,NA,NA,NA,NA,-104,9,NA,NA,NA,3.22E-002
172,NA,NA,NA,NA,-104,10,NA,NA,NA,3.96E-002
173,NA,NA,NA,NA,-104,11,NA,NA,NA,4.50E-002
174,NA,NA,NA,NA,-104,12,NA,NA,NA,5.18E-002
175,NA,NA,NA,NA,-104,13,NA,NA,NA,5.87E-002
176,NA,NA,NA,NA,-104,14,NA,NA,NA,6.35E-002
177,NA,NA,NA,NA,-104,15,NA,NA,NA,6.61E-002
178,NA,NA,NA,NA,-104,16,NA,NA,NA,6.73E-002
179,NA,NA,NA,NA,-104,17,NA,NA,NA,6.79E-002
180,NA,NA,NA,NA,-104,18,NA,NA,NA,6.80E-002
181,NA,NA,NA,NA,-104,19,NA,NA,NA,6.81E-002
182,NA,NA,NA,NA,-104,20,NA,NA,NA,6.85E-002
183,NA,NA,NA,NA,-104,21,NA,NA,NA,6.87E-002
184,NA,NA,NA,NA,-104,22,NA,NA,NA,6.87E-002
185,NA,NA,NA,NA,-104,23,NA,NA,NA,6.87E-002
186,NA,NA,NA,NA,-104,24,NA,NA,NA,6.87E-002
187,NA,NA,NA,NA,-104,25,NA,NA,NA,6.87E-002
188,NA,NA,NA,NA,-104,26,NA,NA,NA,6.87E-002
189,NA,NA,NA,NA,-104,27,NA,NA,NA,6.87E-002
190,NA,NA,NA,NA,-104,28,NA,NA,NA,6.87E-002
191,NA,NA,NA,NA,-104,29,NA,NA,NA,6.87E-002
192,NA,NA,NA,NA,-104,30,NA,NA,NA,6.90E-002
193,NA,NA,NA,NA,-104,31,NA,NA,NA,7.00E-002
194,NA,NA,NA,NA,-104,32,NA,NA,NA,7.41E-002
195,NA,NA,NA,NA,-96,-32,NA,NA,NA,1.37E-001
196,NA,NA,NA,NA,-96,-31,NA,NA,NA,1.27E-001
197,NA,NA,NA,NA,-96,-30,NA,NA,NA,1.11E-001
198,NA,NA,NA,NA,-96,-29,NA,NA,NA,8.82E-002
199,NA,NA,NA,NA,-96,-28,NA,NA,NA,5.76E-002
200,NA,NA,NA,NA,-96,-27,NA,NA,NA,3.70E-002
201,NA,NA,NA,NA,-96,-26,NA,NA,NA,1.77E-002
202,NA,NA,NA,NA,-96,-25,NA,NA,NA,7.70E-003
203,NA,NA,NA,NA,-96,-24,NA,NA,NA,2.59E-003
204,NA,NA,NA,NA,-96,-23,NA,NA,NA,2.66E-004
205,NA,NA,NA,NA,-96,-22,NA,NA,NA,6.77E-006
206,NA,NA,NA,NA,-96,-21,NA,NA,NA,3.7253471427481496e-10
207,NA,NA,NA,NA,-96,-20,NA,NA,NA,3.7253471427481496e-10
208,NA,NA,NA,NA,-96,-19,NA,NA,NA,3.7253471427481496e-10
209,NA,NA,NA,NA,-96,-18,NA,NA,NA,3.7253471427481496e-10
210,NA,NA,NA,NA,-96,-17,NA,NA,NA,3.7253471427481496e-10
211,NA,NA,NA,NA,-96,-16,NA,NA,NA,3.7253471427481496e-10
212,NA,NA,NA,NA,-96,-15,NA,NA,NA,3.7253471427481496e-10
213,NA,NA,NA,NA,-96,-14,NA,NA,NA,3.7253471427481496e-10
214,NA,NA,NA,NA,-96,-13,NA,NA,NA,3.7253471427481496e-10
215,NA,NA,NA,NA,-96,-12,NA,NA,NA,3.7253471427481496e-10
216,NA,NA,NA,NA,-96,-11,NA,NA,NA,3.7253471427481496e-10
217,NA,NA,NA,NA,-96,-10,NA,NA,NA,3.7253471427481496e-10
218,NA,NA,NA,NA,-96,-9,NA,NA,NA,3.7253471427481496e-10
219,NA,NA,NA,NA,-96,-8,NA,NA,NA,3.7253471427481496e-10
220,NA,NA,NA,NA,-96,-7,NA,NA,NA,3.7253471427481496e-10
221,NA,NA,NA,NA,-96,-6,NA,NA,NA,3.7253471427481496e-10
222,NA,NA,NA,NA,-96,-5,NA,NA,NA,3.7253471427481496e-10
223,NA,NA,NA,NA,-96,-4,NA,NA,NA,3.7253471427481496e-10
224,NA,NA,NA,NA,-96,-3,NA,NA,NA,3.7253471427481496e-10
225,NA,NA,NA,NA,-96,-2,NA,NA,NA,3.7253471427481496e-10
226,NA,NA,NA,NA,-96,-1,NA,NA,NA,3.7253471427481496e-10
227,NA,NA,NA,NA,-96,0,NA,NA,NA,3.7253471427481496e-10
228,NA,NA,NA,NA,-96,1,NA,NA,NA,1.49E-009
229,NA,NA,NA,NA,-96,2,NA,NA,NA,5.96E-008
230,NA,NA,NA,NA,-96,3,NA,NA,NA,3.34E-006
231,NA,NA,NA,NA,-96,4,NA,NA,NA,2.26E-004
232,NA,NA,NA,NA,-96,5,NA,NA,NA,1.45E-003
233,NA,NA,NA,NA,-96,6,NA,NA,NA,3.49E-003
234,NA,NA,NA,NA,-96,7,NA,NA,NA,5.22E-003
235,NA,NA,NA,NA,-96,8,NA,NA,NA,7.65E-003
236,NA,NA,NA,NA,-96,9,NA,NA,NA,1.32E-002
237,NA,NA,NA,NA,-96,10,NA,NA,NA,2.17E-002
238,NA,NA,NA,NA,-96,11,NA,NA,NA,2.67E-002
239,NA,NA,NA,NA,-96,12,NA,NA,NA,3.41E-002
240,NA,NA,NA,NA,-96,13,NA,NA,NA,4.11E-002
241,NA,NA,NA,NA,-96,14,NA,NA,NA,4.77E-002
242,NA,NA,NA,NA,-96,15,NA,NA,NA,5.30E-002
243,NA,NA,NA,NA,-96,16,NA,NA,NA,5.89E-002
244,NA,NA,NA,NA,-96,17,NA,NA,NA,6.41E-002
245,NA,NA,NA,NA,-96,18,NA,NA,NA,6.68E-002
246,NA,NA,NA,NA,-96,19,NA,NA,NA,6.77E-002
247,NA,NA,NA,NA,-96,20,NA,NA,NA,6.79E-002
248,NA,NA,NA,NA,-96,21,NA,NA,NA,6.80E-002
249,NA,NA,NA,NA,-96,22,NA,NA,NA,6.84E-002
250,NA,NA,NA,NA,-96,23,NA,NA,NA,6.87E-002
251,NA,NA,NA,NA,-96,24,NA,NA,NA,6.87E-002
252,NA,NA,NA,NA,-96,25,NA,NA,NA,6.87E-002
253,NA,NA,NA,NA,-96,26,NA,NA,NA,6.87E-002
254,NA,NA,NA,NA,-96,27,NA,NA,NA,6.87E-002
255,NA,NA,NA,NA,-96,28,NA,NA,NA,6.87E-002
256,NA,NA,NA,NA,-96,29,NA,NA,NA,6.87E-002
257,NA,NA,NA,NA,-96,30,NA,NA,NA,6.93E-002
258,NA,NA,NA,NA,-96,31,NA,NA,NA,7.12E-002
259,NA,NA,NA,NA,-96,32,NA,NA,NA,7.64E-002
260,NA,NA,NA,NA,-88,-32,NA,NA,NA,1.34E-001
261,NA,NA,NA,NA,-88,-31,NA,NA,NA,1.22E-001
262,NA,NA,NA,NA,-88,-30,NA,NA,NA,1.03E-001
263,NA,NA,NA,NA,-88,-29,NA,NA,NA,7.69E-002
264,NA,NA,NA,NA,-88,-28,NA,NA,NA,5.00E-002
265,NA,NA,NA,NA,-88,-27,NA,NA,NA,3.10E-002
266,NA,NA,NA,NA,-88,-26,NA,NA,NA,1.34E-002
267,NA,NA,NA,NA,-88,-25,NA,NA,NA,5.77E-003
268,NA,NA,NA,NA,-88,-24,NA,NA,NA,1.54E-003
269,NA,NA,NA,NA,-88,-23,NA,NA,NA,9.42E-005
270,NA,NA,NA,NA,-88,-22,NA,NA,NA,6.68E-007
271,NA,NA,NA,NA,-88,-21,NA,NA,NA,3.7253471427481496e-10
272,NA,NA,NA,NA,-88,-20,NA,NA,NA,3.7253471427481496e-10
273,NA,NA,NA,NA,-88,-19,NA,NA,NA,3.7253471427481496e-10
274,NA,NA,NA,NA,-88,-18,NA,NA,NA,3.7253471427481496e-10
275,NA,NA,NA,NA,-88,-17,NA,NA,NA,3.7253471427481496e-10
276,NA,NA,NA,NA,-88,-16,NA,NA,NA,3.7253471427481496e-10
277,NA,NA,NA,NA,-88,-15,NA,NA,NA,3.7253471427481496e-10
278,NA,NA,NA,NA,-88,-14,NA,NA,NA,3.7253471427481496e-10
279,NA,NA,NA,NA,-88,-13,NA,NA,NA,3.7253471427481496e-10
280,NA,NA,NA,NA,-88,-12,NA,NA,NA,3.7253471427481496e-10
281,NA,NA,NA,NA,-88,-11,NA,NA,NA,3.7253471427481496e-10
282,NA,NA,NA,NA,-88,-10,NA,NA,NA,3.7253471427481496e-10
283,NA,NA,NA,NA,-88,-9,NA,NA,NA,3.7253471427481496e-10
284,NA,NA,NA,NA,-88,-8,NA,NA,NA,3.7253471427481496e-10
285,NA,NA,NA,NA,-88,-7,NA,NA,NA,3.7253471427481496e-10
286,NA,NA,NA,NA,-88,-6,NA,NA,NA,3.7253471427481496e-10
287,NA,NA,NA,NA,-88,-5,NA,NA,NA,3.7253471427481496e-10
288,NA,NA,NA,NA,-88,-4,NA,NA,NA,3.7253471427481496e-10
289,NA,NA,NA,NA,-88,-3,NA,NA,NA,3.7253471427481496e-10
290,NA,NA,NA,NA,-88,-2,NA,NA,NA,3.7253471427481496e-10
291,NA,NA,NA,NA,-88,-1,NA,NA,NA,3.7253471427481496e-10
292,NA,NA,NA,NA,-88,0,NA,NA,NA,3.7253471427481496e-10
293,NA,NA,NA,NA,-88,1,NA,NA,NA,3.7253471427481496e-10
294,NA,NA,NA,NA,-88,2,NA,NA,NA,7.45E-010
295,NA,NA,NA,NA,-88,3,NA,NA,NA,1.12E-009
296,NA,NA,NA,NA,-88,4,NA,NA,NA,2.24E-009
297,NA,NA,NA,NA,-88,5,NA,NA,NA,3.81E-007
298,NA,NA,NA,NA,-88,6,NA,NA,NA,3.00E-005
299,NA,NA,NA,NA,-88,7,NA,NA,NA,4.49E-004
300,NA,NA,NA,NA,-88,8,NA,NA,NA,2.02E-003
301,NA,NA,NA,NA,-88,9,NA,NA,NA,4.86E-003
302,NA,NA,NA,NA,-88,10,NA,NA,NA,8.04E-003
303,NA,NA,NA,NA,-88,11,NA,NA,NA,1.20E-002
304,NA,NA,NA,NA,-88,12,NA,NA,NA,2.05E-002
305,NA,NA,NA,NA,-88,13,NA,NA,NA,2.78E-002
306,NA,NA,NA,NA,-88,14,NA,NA,NA,3.41E-002
307,NA,NA,NA,NA,-88,15,NA,NA,NA,3.98E-002
308,NA,NA,NA,NA,-88,16,NA,NA,NA,4.61E-002
309,NA,NA,NA,NA,-88,17,NA,NA,NA,5.26E-002
310,NA,NA,NA,NA,-88,18,NA,NA,NA,5.93E-002
311,NA,NA,NA,NA,-88,19,NA,NA,NA,6.43E-002
312,NA,NA,NA,NA,-88,20,NA,NA,NA,6.68E-002
313,NA,NA,NA,NA,-88,21,NA,NA,NA,6.78E-002
314,NA,NA,NA,NA,-88,22,NA,NA,NA,6.79E-002
315,NA,NA,NA,NA,-88,23,NA,NA,NA,6.81E-002
316,NA,NA,NA,NA,-88,24,NA,NA,NA,6.84E-002
317,NA,NA,NA,NA,-88,25,NA,NA,NA,6.87E-002
318,NA,NA,NA,NA,-88,26,NA,NA,NA,6.87E-002
319,NA,NA,NA,NA,-88,27,NA,NA,NA,6.87E-002
320,NA,NA,NA,NA,-88,28,NA,NA,NA,6.87E-002
321,NA,NA,NA,NA,-88,29,NA,NA,NA,6.87E-002
322,NA,NA,NA,NA,-88,30,NA,NA,NA,6.97E-002
323,NA,NA,NA,NA,-88,31,NA,NA,NA,7.24E-002
324,NA,NA,NA,NA,-88,32,NA,NA,NA,7.93E-002
325,NA,NA,NA,NA,-80,-32,NA,NA,NA,1.30E-001
326,NA,NA,NA,NA,-80,-31,NA,NA,NA,1.17E-001
327,NA,NA,NA,NA,-80,-30,NA,NA,NA,9.39E-002
328,NA,NA,NA,NA,-80,-29,NA,NA,NA,6.68E-002
329,NA,NA,NA,NA,-80,-28,NA,NA,NA,4.23E-002
330,NA,NA,NA,NA,-80,-27,NA,NA,NA,2.42E-002
331,NA,NA,NA,NA,-80,-26,NA,NA,NA,9.24E-003
332,NA,NA,NA,NA,-80,-25,NA,NA,NA,3.84E-003
333,NA,NA,NA,NA,-80,-24,NA,NA,NA,7.46E-004
334,NA,NA,NA,NA,-80,-23,NA,NA,NA,1.21E-005
335,NA,NA,NA,NA,-80,-22,NA,NA,NA,1.19E-008
336,NA,NA,NA,NA,-80,-21,NA,NA,NA,3.7253471427481496e-10
337,NA,NA,NA,NA,-80,-20,NA,NA,NA,3.7253471427481496e-10
338,NA,NA,NA,NA,-80,-19,NA,NA,NA,3.7253471427481496e-10
339,NA,NA,NA,NA,-80,-18,NA,NA,NA,3.7253471427481496e-10
340,NA,NA,NA,NA,-80,-17,NA,NA,NA,3.7253471427481496e-10
341,NA,NA,NA,NA,-80,-16,NA,NA,NA,3.7253471427481496e-10
342,NA,NA,NA,NA,-80,-15,NA,NA,NA,3.7253471427481496e-10
343,NA,NA,NA,NA,-80,-14,NA,NA,NA,3.7253471427481496e-10
344,NA,NA,NA,NA,-80,-13,NA,NA,NA,3.7253471427481496e-10
345,NA,NA,NA,NA,-80,-12,NA,NA,NA,3.7253471427481496e-10
346,NA,NA,NA,NA,-80,-11,NA,NA,NA,3.7253471427481496e-10
347,NA,NA,NA,NA,-80,-10,NA,NA,NA,3.7253471427481496e-10
348,NA,NA,NA,NA,-80,-9,NA,NA,NA,3.7253471427481496e-10
349,NA,NA,NA,NA,-80,-8,NA,NA,NA,3.7253471427481496e-10
350,NA,NA,NA,NA,-80,-7,NA,NA,NA,3.7253471427481496e-10
351,NA,NA,NA,NA,-80,-6,NA,NA,NA,3.7253471427481496e-10
352,NA,NA,NA,NA,-80,-5,NA,NA,NA,3.7253471427481496e-10
353,NA,NA,NA,NA,-80,-4,NA,NA,NA,3.7253471427481496e-10
354,NA,NA,NA,NA,-80,-3,NA,NA,NA,3.7253471427481496e-10
355,NA,NA,NA,NA,-80,-2,NA,NA,NA,3.7253471427481496e-10
356,NA,NA,NA,NA,-80,-1,NA,NA,NA,3.7253471427481496e-10
357,NA,NA,NA,NA,-80,0,NA,NA,NA,3.7253471427481496e-10
358,NA,NA,NA,NA,-80,1,NA,NA,NA,3.7253471427481496e-10
359,NA,NA,NA,NA,-80,2,NA,NA,NA,3.7253471427481496e-10
360,NA,NA,NA,NA,-80,3,NA,NA,NA,3.7253471427481496e-10
361,NA,NA,NA,NA,-80,4,NA,NA,NA,3.7253471427481496e-10
362,NA,NA,NA,NA,-80,5,NA,NA,NA,3.73E-010
363,NA,NA,NA,NA,-80,6,NA,NA,NA,7.45E-010
364,NA,NA,NA,NA,-80,7,NA,NA,NA,1.19E-008
365,NA,NA,NA,NA,-80,8,NA,NA,NA,9.54E-007
366,NA,NA,NA,NA,-80,9,NA,NA,NA,8.07E-005
367,NA,NA,NA,NA,-80,10,NA,NA,NA,1.47E-003
368,NA,NA,NA,NA,-80,11,NA,NA,NA,3.74E-003
369,NA,NA,NA,NA,-80,12,NA,NA,NA,7.52E-003
370,NA,NA,NA,NA,-80,13,NA,NA,NA,1.33E-002
371,NA,NA,NA,NA,-80,14,NA,NA,NA,2.05E-002
372,NA,NA,NA,NA,-80,15,NA,NA,NA,2.61E-002
373,NA,NA,NA,NA,-80,16,NA,NA,NA,3.18E-002
374,NA,NA,NA,NA,-80,17,NA,NA,NA,3.88E-002
375,NA,NA,NA,NA,-80,18,NA,NA,NA,4.64E-002
376,NA,NA,NA,NA,-80,19,NA,NA,NA,5.30E-002
377,NA,NA,NA,NA,-80,20,NA,NA,NA,5.96E-002
378,NA,NA,NA,NA,-80,21,NA,NA,NA,6.42E-002
379,NA,NA,NA,NA,-80,22,NA,NA,NA,6.69E-002
380,NA,NA,NA,NA,-80,23,NA,NA,NA,6.78E-002
381,NA,NA,NA,NA,-80,24,NA,NA,NA,6.80E-002
382,NA,NA,NA,NA,-80,25,NA,NA,NA,6.80E-002
383,NA,NA,NA,NA,-80,26,NA,NA,NA,6.86E-002
384,NA,NA,NA,NA,-80,27,NA,NA,NA,6.87E-002
385,NA,NA,NA,NA,-80,28,NA,NA,NA,6.87E-002
386,NA,NA,NA,NA,-80,29,NA,NA,NA,6.88E-002
387,NA,NA,NA,NA,-80,30,NA,NA,NA,7.03E-002
388,NA,NA,NA,NA,-80,31,NA,NA,NA,7.43E-002
389,NA,NA,NA,NA,-80,32,NA,NA,NA,8.38E-002
390,NA,NA,NA,NA,-72,-32,NA,NA,NA,1.26E-001
391,NA,NA,NA,NA,-72,-31,NA,NA,NA,1.11E-001
392,NA,NA,NA,NA,-72,-30,NA,NA,NA,8.28E-002
393,NA,NA,NA,NA,-72,-29,NA,NA,NA,5.69E-002
394,NA,NA,NA,NA,-72,-28,NA,NA,NA,3.51E-002
395,NA,NA,NA,NA,-72,-27,NA,NA,NA,1.88E-002
396,NA,NA,NA,NA,-72,-26,NA,NA,NA,6.90E-003
397,NA,NA,NA,NA,-72,-25,NA,NA,NA,2.40E-003
398,NA,NA,NA,NA,-72,-24,NA,NA,NA,2.44E-004
399,NA,NA,NA,NA,-72,-23,NA,NA,NA,9.54E-007
400,NA,NA,NA,NA,-72,-22,NA,NA,NA,1.12E-009
401,NA,NA,NA,NA,-72,-21,NA,NA,NA,3.7253471427481496e-10
402,NA,NA,NA,NA,-72,-20,NA,NA,NA,3.7253471427481496e-10
403,NA,NA,NA,NA,-72,-19,NA,NA,NA,3.7253471427481496e-10
404,NA,NA,NA,NA,-72,-18,NA,NA,NA,3.7253471427481496e-10
405,NA,NA,NA,NA,-72,-17,NA,NA,NA,3.7253471427481496e-10
406,NA,NA,NA,NA,-72,-16,NA,NA,NA,3.7253471427481496e-10
407,NA,NA,NA,NA,-72,-15,NA,NA,NA,3.7253471427481496e-10
408,NA,NA,NA,NA,-72,-14,NA,NA,NA,3.7253471427481496e-10
409,NA,NA,NA,NA,-72,-13,NA,NA,NA,3.7253471427481496e-10
410,NA,NA,NA,NA,-72,-12,NA,NA,NA,3.7253471427481496e-10
411,NA,NA,NA,NA,-72,-11,NA,NA,NA,3.7253471427481496e-10
412,NA,NA,NA,NA,-72,-10,NA,NA,NA,3.7253471427481496e-10
413,NA,NA,NA,NA,-72,-9,NA,NA,NA,3.7253471427481496e-10
414,NA,NA,NA,NA,-72,-8,NA,NA,NA,3.7253471427481496e-10
415,NA,NA,NA,NA,-72,-7,NA,NA,NA,3.7253471427481496e-10
416,NA,NA,NA,NA,-72,-6,NA,NA,NA,3.7253471427481496e-10
417,NA,NA,NA,NA,-72,-5,NA,NA,NA,3.7253471427481496e-10
418,NA,NA,NA,NA,-72,-4,NA,NA,NA,3.7253471427481496e-10
419,NA,NA,NA,NA,-72,-3,NA,NA,NA,3.7253471427481496e-10
420,NA,NA,NA,NA,-72,-2,NA,NA,NA,3.7253471427481496e-10
421,NA,NA,NA,NA,-72,-1,NA,NA,NA,3.7253471427481496e-10
422,NA,NA,NA,NA,-72,0,NA,NA,NA,3.7253471427481496e-10
423,NA,NA,NA,NA,-72,1,NA,NA,NA,3.7253471427481496e-10
424,NA,NA,NA,NA,-72,2,NA,NA,NA,3.7253471427481496e-10
425,NA,NA,NA,NA,-72,3,NA,NA,NA,3.7253471427481496e-10
426,NA,NA,NA,NA,-72,4,NA,NA,NA,3.7253471427481496e-10
427,NA,NA,NA,NA,-72,5,NA,NA,NA,3.7253471427481496e-10
428,NA,NA,NA,NA,-72,6,NA,NA,NA,3.7253471427481496e-10
429,NA,NA,NA,NA,-72,7,NA,NA,NA,7.45E-010
430,NA,NA,NA,NA,-72,8,NA,NA,NA,3.7253471427481496e-10
431,NA,NA,NA,NA,-72,9,NA,NA,NA,1.86E-009
432,NA,NA,NA,NA,-72,10,NA,NA,NA,7.63E-007
433,NA,NA,NA,NA,-72,11,NA,NA,NA,6.60E-005
434,NA,NA,NA,NA,-72,12,NA,NA,NA,1.34E-003
435,NA,NA,NA,NA,-72,13,NA,NA,NA,4.21E-003
436,NA,NA,NA,NA,-72,14,NA,NA,NA,8.15E-003
437,NA,NA,NA,NA,-72,15,NA,NA,NA,1.38E-002
438,NA,NA,NA,NA,-72,16,NA,NA,NA,1.94E-002
439,NA,NA,NA,NA,-72,17,NA,NA,NA,2.68E-002
440,NA,NA,NA,NA,-72,18,NA,NA,NA,3.38E-002
441,NA,NA,NA,NA,-72,19,NA,NA,NA,4.04E-002
442,NA,NA,NA,NA,-72,20,NA,NA,NA,4.73E-002
443,NA,NA,NA,NA,-72,21,NA,NA,NA,5.48E-002
444,NA,NA,NA,NA,-72,22,NA,NA,NA,6.13E-002
445,NA,NA,NA,NA,-72,23,NA,NA,NA,6.57E-002
446,NA,NA,NA,NA,-72,24,NA,NA,NA,6.74E-002
447,NA,NA,NA,NA,-72,25,NA,NA,NA,6.79E-002
448,NA,NA,NA,NA,-72,26,NA,NA,NA,6.80E-002
449,NA,NA,NA,NA,-72,27,NA,NA,NA,6.84E-002
450,NA,NA,NA,NA,-72,28,NA,NA,NA,6.87E-002
451,NA,NA,NA,NA,-72,29,NA,NA,NA,6.91E-002
452,NA,NA,NA,NA,-72,30,NA,NA,NA,7.12E-002
453,NA,NA,NA,NA,-72,31,NA,NA,NA,7.66E-002
454,NA,NA,NA,NA,-72,32,NA,NA,NA,8.89E-002
455,NA,NA,NA,NA,-64,-32,NA,NA,NA,1.21E-001
456,NA,NA,NA,NA,-64,-31,NA,NA,NA,1.02E-001
457,NA,NA,NA,NA,-64,-30,NA,NA,NA,7.24E-002
458,NA,NA,NA,NA,-64,-29,NA,NA,NA,4.74E-002
459,NA,NA,NA,NA,-64,-28,NA,NA,NA,2.72E-002
460,NA,NA,NA,NA,-64,-27,NA,NA,NA,1.35E-002
461,NA,NA,NA,NA,-64,-26,NA,NA,NA,4.75E-003
462,NA,NA,NA,NA,-64,-25,NA,NA,NA,1.02E-003
463,NA,NA,NA,NA,-64,-24,NA,NA,NA,5.41E-005
464,NA,NA,NA,NA,-64,-23,NA,NA,NA,3.58E-008
465,NA,NA,NA,NA,-64,-22,NA,NA,NA,3.7253471427481496e-10
466,NA,NA,NA,NA,-64,-21,NA,NA,NA,3.7253471427481496e-10
467,NA,NA,NA,NA,-64,-20,NA,NA,NA,3.7253471427481496e-10
468,NA,NA,NA,NA,-64,-19,NA,NA,NA,3.7253471427481496e-10
469,NA,NA,NA,NA,-64,-18,NA,NA,NA,3.7253471427481496e-10
470,NA,NA,NA,NA,-64,-17,NA,NA,NA,3.7253471427481496e-10
471,NA,NA,NA,NA,-64,-16,NA,NA,NA,3.7253471427481496e-10
472,NA,NA,NA,NA,-64,-15,NA,NA,NA,3.7253471427481496e-10
473,NA,NA,NA,NA,-64,-14,NA,NA,NA,3.7253471427481496e-10
474,NA,NA,NA,NA,-64,-13,NA,NA,NA,3.7253471427481496e-10
475,NA,NA,NA,NA,-64,-12,NA,NA,NA,3.7253471427481496e-10
476,NA,NA,NA,NA,-64,-11,NA,NA,NA,3.7253471427481496e-10
477,NA,NA,NA,NA,-64,-10,NA,NA,NA,3.7253471427481496e-10
478,NA,NA,NA,NA,-64,-9,NA,NA,NA,3.7253471427481496e-10
479,NA,NA,NA,NA,-64,-8,NA,NA,NA,3.7253471427481496e-10
480,NA,NA,NA,NA,-64,-7,NA,NA,NA,3.7253471427481496e-10
481,NA,NA,NA,NA,-64,-6,NA,NA,NA,3.7253471427481496e-10
482,NA,NA,NA,NA,-64,-5,NA,NA,NA,3.7253471427481496e-10
483,NA,NA,NA,NA,-64,-4,NA,NA,NA,3.7253471427481496e-10
484,NA,NA,NA,NA,-64,-3,NA,NA,NA,3.7253471427481496e-10
485,NA,NA,NA,NA,-64,-2,NA,NA,NA,3.7253471427481496e-10
486,NA,NA,NA,NA,-64,-1,NA,NA,NA,3.7253471427481496e-10
487,NA,NA,NA,NA,-64,0,NA,NA,NA,3.7253471427481496e-10
488,NA,NA,NA,NA,-64,1,NA,NA,NA,3.7253471427481496e-10
489,NA,NA,NA,NA,-64,2,NA,NA,NA,3.7253471427481496e-10
490,NA,NA,NA,NA,-64,3,NA,NA,NA,3.7253471427481496e-10
491,NA,NA,NA,NA,-64,4,NA,NA,NA,3.7253471427481496e-10
492,NA,NA,NA,NA,-64,5,NA,NA,NA,3.7253471427481496e-10
493,NA,NA,NA,NA,-64,6,NA,NA,NA,3.7253471427481496e-10
494,NA,NA,NA,NA,-64,7,NA,NA,NA,3.7253471427481496e-10
495,NA,NA,NA,NA,-64,8,NA,NA,NA,3.7253471427481496e-10
496,NA,NA,NA,NA,-64,9,NA,NA,NA,3.73E-010
497,NA,NA,NA,NA,-64,10,NA,NA,NA,7.45E-010
498,NA,NA,NA,NA,-64,11,NA,NA,NA,4.47E-009
499,NA,NA,NA,NA,-64,12,NA,NA,NA,3.34E-006
500,NA,NA,NA,NA,-64,13,NA,NA,NA,2.02E-004
501,NA,NA,NA,NA,-64,14,NA,NA,NA,1.52E-003
502,NA,NA,NA,NA,-64,15,NA,NA,NA,3.89E-003
503,NA,NA,NA,NA,-64,16,NA,NA,NA,7.64E-003
504,NA,NA,NA,NA,-64,17,NA,NA,NA,1.48E-002
505,NA,NA,NA,NA,-64,18,NA,NA,NA,2.12E-002
506,NA,NA,NA,NA,-64,19,NA,NA,NA,2.73E-002
507,NA,NA,NA,NA,-64,20,NA,NA,NA,3.53E-002
508,NA,NA,NA,NA,-64,21,NA,NA,NA,4.15E-002
509,NA,NA,NA,NA,-64,22,NA,NA,NA,4.92E-002
510,NA,NA,NA,NA,-64,23,NA,NA,NA,5.68E-002
511,NA,NA,NA,NA,-64,24,NA,NA,NA,6.24E-002
512,NA,NA,NA,NA,-64,25,NA,NA,NA,6.64E-002
513,NA,NA,NA,NA,-64,26,NA,NA,NA,6.77E-002
514,NA,NA,NA,NA,-64,27,NA,NA,NA,6.80E-002
515,NA,NA,NA,NA,-64,28,NA,NA,NA,6.84E-002
516,NA,NA,NA,NA,-64,29,NA,NA,NA,6.95E-002
517,NA,NA,NA,NA,-64,30,NA,NA,NA,7.28E-002
518,NA,NA,NA,NA,-64,31,NA,NA,NA,8.09E-002
519,NA,NA,NA,NA,-64,32,NA,NA,NA,9.44E-002
520,NA,NA,NA,NA,-56,-32,NA,NA,NA,1.14E-001
521,NA,NA,NA,NA,-56,-31,NA,NA,NA,9.53E-002
522,NA,NA,NA,NA,-56,-30,NA,NA,NA,6.40E-002
523,NA,NA,NA,NA,-56,-29,NA,NA,NA,4.07E-002
524,NA,NA,NA,NA,-56,-28,NA,NA,NA,2.22E-002
525,NA,NA,NA,NA,-56,-27,NA,NA,NA,9.73E-003
526,NA,NA,NA,NA,-56,-26,NA,NA,NA,3.12E-003
527,NA,NA,NA,NA,-56,-25,NA,NA,NA,3.89E-004
528,NA,NA,NA,NA,-56,-24,NA,NA,NA,4.96E-006
529,NA,NA,NA,NA,-56,-23,NA,NA,NA,5.96E-009
530,NA,NA,NA,NA,-56,-22,NA,NA,NA,3.7253471427481496e-10
531,NA,NA,NA,NA,-56,-21,NA,NA,NA,3.7253471427481496e-10
532,NA,NA,NA,NA,-56,-20,NA,NA,NA,3.7253471427481496e-10
533,NA,NA,NA,NA,-56,-19,NA,NA,NA,3.7253471427481496e-10
534,NA,NA,NA,NA,-56,-18,NA,NA,NA,3.7253471427481496e-10
535,NA,NA,NA,NA,-56,-17,NA,NA,NA,3.7253471427481496e-10
536,NA,NA,NA,NA,-56,-16,NA,NA,NA,3.7253471427481496e-10
537,NA,NA,NA,NA,-56,-15,NA,NA,NA,3.7253471427481496e-10
538,NA,NA,NA,NA,-56,-14,NA,NA,NA,3.7253471427481496e-10
539,NA,NA,NA,NA,-56,-13,NA,NA,NA,3.7253471427481496e-10
540,NA,NA,NA,NA,-56,-12,NA,NA,NA,3.7253471427481496e-10
541,NA,NA,NA,NA,-56,-11,NA,NA,NA,3.7253471427481496e-10
542,NA,NA,NA,NA,-56,-10,NA,NA,NA,3.7253471427481496e-10
543,NA,NA,NA,NA,-56,-9,NA,NA,NA,3.7253471427481496e-10
544,NA,NA,NA,NA,-56,-8,NA,NA,NA,3.7253471427481496e-10
545,NA,NA,NA,NA,-56,-7,NA,NA,NA,3.7253471427481496e-10
546,NA,NA,NA,NA,-56,-6,NA,NA,NA,3.7253471427481496e-10
547,NA,NA,NA,NA,-56,-5,NA,NA,NA,3.7253471427481496e-10
548,NA,NA,NA,NA,-56,-4,NA,NA,NA,3.7253471427481496e-10
549,NA,NA,NA,NA,-56,-3,NA,NA,NA,3.7253471427481496e-10
550,NA,NA,NA,NA,-56,-2,NA,NA,NA,3.7253471427481496e-10
551,NA,NA,NA,NA,-56,-1,NA,NA,NA,3.7253471427481496e-10
552,NA,NA,NA,NA,-56,0,NA,NA,NA,3.7253471427481496e-10
553,NA,NA,NA,NA,-56,1,NA,NA,NA,3.7253471427481496e-10
554,NA,NA,NA,NA,-56,2,NA,NA,NA,3.7253471427481496e-10
555,NA,NA,NA,NA,-56,3,NA,NA,NA,3.7253471427481496e-10
556,NA,NA,NA,NA,-56,4,NA,NA,NA,3.7253471427481496e-10
557,NA,NA,NA,NA,-56,5,NA,NA,NA,3.7253471427481496e-10
558,NA,NA,NA,NA,-56,6,NA,NA,NA,3.7253471427481496e-10
559,NA,NA,NA,NA,-56,7,NA,NA,NA,3.7253471427481496e-10
560,NA,NA,NA,NA,-56,8,NA,NA,NA,3.7253471427481496e-10
561,NA,NA,NA,NA,-56,9,NA,NA,NA,3.7253471427481496e-10
562,NA,NA,NA,NA,-56,10,NA,NA,NA,3.7253471427481496e-10
563,NA,NA,NA,NA,-56,11,NA,NA,NA,7.45E-010
564,NA,NA,NA,NA,-56,12,NA,NA,NA,1.12E-009
565,NA,NA,NA,NA,-56,13,NA,NA,NA,1.14E-006
566,NA,NA,NA,NA,-56,14,NA,NA,NA,7.55E-005
567,NA,NA,NA,NA,-56,15,NA,NA,NA,5.30E-004
568,NA,NA,NA,NA,-56,16,NA,NA,NA,1.91E-003
569,NA,NA,NA,NA,-56,17,NA,NA,NA,5.67E-003
570,NA,NA,NA,NA,-56,18,NA,NA,NA,1.29E-002
571,NA,NA,NA,NA,-56,19,NA,NA,NA,1.82E-002
572,NA,NA,NA,NA,-56,20,NA,NA,NA,2.53E-002
573,NA,NA,NA,NA,-56,21,NA,NA,NA,3.20E-002
574,NA,NA,NA,NA,-56,22,NA,NA,NA,4.03E-002
575,NA,NA,NA,NA,-56,23,NA,NA,NA,4.73E-002
576,NA,NA,NA,NA,-56,24,NA,NA,NA,5.52E-002
577,NA,NA,NA,NA,-56,25,NA,NA,NA,6.13E-002
578,NA,NA,NA,NA,-56,26,NA,NA,NA,6.57E-002
579,NA,NA,NA,NA,-56,27,NA,NA,NA,6.77E-002
580,NA,NA,NA,NA,-56,28,NA,NA,NA,6.83E-002
581,NA,NA,NA,NA,-56,29,NA,NA,NA,6.99E-002
582,NA,NA,NA,NA,-56,30,NA,NA,NA,7.49E-002
583,NA,NA,NA,NA,-56,31,NA,NA,NA,8.55E-002
584,NA,NA,NA,NA,-56,32,NA,NA,NA,9.88E-002
585,NA,NA,NA,NA,-48,-32,NA,NA,NA,1.06E-001
586,NA,NA,NA,NA,-48,-31,NA,NA,NA,8.30E-002
587,NA,NA,NA,NA,-48,-30,NA,NA,NA,5.25E-002
588,NA,NA,NA,NA,-48,-29,NA,NA,NA,3.25E-002
589,NA,NA,NA,NA,-48,-28,NA,NA,NA,1.51E-002
590,NA,NA,NA,NA,-48,-27,NA,NA,NA,6.36E-003
591,NA,NA,NA,NA,-48,-26,NA,NA,NA,1.46E-003
592,NA,NA,NA,NA,-48,-25,NA,NA,NA,8.65E-005
593,NA,NA,NA,NA,-48,-24,NA,NA,NA,5.72E-007
594,NA,NA,NA,NA,-48,-23,NA,NA,NA,3.7253471427481496e-10
595,NA,NA,NA,NA,-48,-22,NA,NA,NA,3.7253471427481496e-10
596,NA,NA,NA,NA,-48,-21,NA,NA,NA,3.7253471427481496e-10
597,NA,NA,NA,NA,-48,-20,NA,NA,NA,3.7253471427481496e-10
598,NA,NA,NA,NA,-48,-19,NA,NA,NA,3.7253471427481496e-10
599,NA,NA,NA,NA,-48,-18,NA,NA,NA,3.7253471427481496e-10
600,NA,NA,NA,NA,-48,-17,NA,NA,NA,3.7253471427481496e-10
601,NA,NA,NA,NA,-48,-16,NA,NA,NA,3.7253471427481496e-10
602,NA,NA,NA,NA,-48,-15,NA,NA,NA,3.7253471427481496e-10
603,NA,NA,NA,NA,-48,-14,NA,NA,NA,3.7253471427481496e-10
604,NA,NA,NA,NA,-48,-13,NA,NA,NA,3.7253471427481496e-10
605,NA,NA,NA,NA,-48,-12,NA,NA,NA,3.7253471427481496e-10
606,NA,NA,NA,NA,-48,-11,NA,NA,NA,3.7253471427481496e-10
607,NA,NA,NA,NA,-48,-10,NA,NA,NA,3.7253471427481496e-10
608,NA,NA,NA,NA,-48,-9,NA,NA,NA,3.7253471427481496e-10
609,NA,NA,NA,NA,-48,-8,NA,NA,NA,3.7253471427481496e-10
610,NA,NA,NA,NA,-48,-7,NA,NA,NA,3.7253471427481496e-10
611,NA,NA,NA,NA,-48,-6,NA,NA,NA,3.7253471427481496e-10
612,NA,NA,NA,NA,-48,-5,NA,NA,NA,3.7253471427481496e-10
613,NA,NA,NA,NA,-48,-4,NA,NA,NA,3.7253471427481496e-10
614,NA,NA,NA,NA,-48,-3,NA,NA,NA,3.7253471427481496e-10
615,NA,NA,NA,NA,-48,-2,NA,NA,NA,3.7253471427481496e-10
616,NA,NA,NA,NA,-48,-1,NA,NA,NA,3.7253471427481496e-10
617,NA,NA,NA,NA,-48,0,NA,NA,NA,3.7253471427481496e-10
618,NA,NA,NA,NA,-48,1,NA,NA,NA,3.7253471427481496e-10
619,NA,NA,NA,NA,-48,2,NA,NA,NA,3.7253471427481496e-10
620,NA,NA,NA,NA,-48,3,NA,NA,NA,3.7253471427481496e-10
621,NA,NA,NA,NA,-48,4,NA,NA,NA,3.7253471427481496e-10
622,NA,NA,NA,NA,-48,5,NA,NA,NA,3.7253471427481496e-10
623,NA,NA,NA,NA,-48,6,NA,NA,NA,3.7253471427481496e-10
624,NA,NA,NA,NA,-48,7,NA,NA,NA,3.7253471427481496e-10
625,NA,NA,NA,NA,-48,8,NA,NA,NA,3.7253471427481496e-10
626,NA,NA,NA,NA,-48,9,NA,NA,NA,3.7253471427481496e-10
627,NA,NA,NA,NA,-48,10,NA,NA,NA,3.7253471427481496e-10
628,NA,NA,NA,NA,-48,11,NA,NA,NA,3.7253471427481496e-10
629,NA,NA,NA,NA,-48,12,NA,NA,NA,3.7253471427481496e-10
630,NA,NA,NA,NA,-48,13,NA,NA,NA,3.73E-010
631,NA,NA,NA,NA,-48,14,NA,NA,NA,4.77E-008
632,NA,NA,NA,NA,-48,15,NA,NA,NA,8.68E-006
633,NA,NA,NA,NA,-48,16,NA,NA,NA,1.79E-004
634,NA,NA,NA,NA,-48,17,NA,NA,NA,8.20E-004
635,NA,NA,NA,NA,-48,18,NA,NA,NA,3.45E-003
636,NA,NA,NA,NA,-48,19,NA,NA,NA,8.03E-003
637,NA,NA,NA,NA,-48,20,NA,NA,NA,1.58E-002
638,NA,NA,NA,NA,-48,21,NA,NA,NA,2.15E-002
639,NA,NA,NA,NA,-48,22,NA,NA,NA,2.84E-002
640,NA,NA,NA,NA,-48,23,NA,NA,NA,3.61E-002
641,NA,NA,NA,NA,-48,24,NA,NA,NA,4.36E-002
642,NA,NA,NA,NA,-48,25,NA,NA,NA,5.13E-002
643,NA,NA,NA,NA,-48,26,NA,NA,NA,5.96E-002
644,NA,NA,NA,NA,-48,27,NA,NA,NA,6.52E-002
645,NA,NA,NA,NA,-48,28,NA,NA,NA,6.84E-002
646,NA,NA,NA,NA,-48,29,NA,NA,NA,7.05E-002
647,NA,NA,NA,NA,-48,30,NA,NA,NA,7.83E-002
648,NA,NA,NA,NA,-48,31,NA,NA,NA,9.10E-002
649,NA,NA,NA,NA,-48,32,NA,NA,NA,1.06E-001
650,NA,NA,NA,NA,-40,-32,NA,NA,NA,1.00E-001
651,NA,NA,NA,NA,-40,-31,NA,NA,NA,6.94E-002
652,NA,NA,NA,NA,-40,-30,NA,NA,NA,4.33E-002
653,NA,NA,NA,NA,-40,-29,NA,NA,NA,2.56E-002
654,NA,NA,NA,NA,-40,-28,NA,NA,NA,9.97E-003
655,NA,NA,NA,NA,-40,-27,NA,NA,NA,4.00E-003
656,NA,NA,NA,NA,-40,-26,NA,NA,NA,5.20E-004
657,NA,NA,NA,NA,-40,-25,NA,NA,NA,6.96E-006
658,NA,NA,NA,NA,-40,-24,NA,NA,NA,8.57E-009
659,NA,NA,NA,NA,-40,-23,NA,NA,NA,3.7253471427481496e-10
660,NA,NA,NA,NA,-40,-22,NA,NA,NA,3.7253471427481496e-10
661,NA,NA,NA,NA,-40,-21,NA,NA,NA,3.7253471427481496e-10
662,NA,NA,NA,NA,-40,-20,NA,NA,NA,3.7253471427481496e-10
663,NA,NA,NA,NA,-40,-19,NA,NA,NA,3.7253471427481496e-10
664,NA,NA,NA,NA,-40,-18,NA,NA,NA,3.7253471427481496e-10
665,NA,NA,NA,NA,-40,-17,NA,NA,NA,3.7253471427481496e-10
666,NA,NA,NA,NA,-40,-16,NA,NA,NA,3.7253471427481496e-10
667,NA,NA,NA,NA,-40,-15,NA,NA,NA,3.7253471427481496e-10
668,NA,NA,NA,NA,-40,-14,NA,NA,NA,3.7253471427481496e-10
669,NA,NA,NA,NA,-40,-13,NA,NA,NA,3.7253471427481496e-10
670,NA,NA,NA,NA,-40,-12,NA,NA,NA,3.7253471427481496e-10
671,NA,NA,NA,NA,-40,-11,NA,NA,NA,3.7253471427481496e-10
672,NA,NA,NA,NA,-40,-10,NA,NA,NA,3.7253471427481496e-10
673,NA,NA,NA,NA,-40,-9,NA,NA,NA,3.7253471427481496e-10
674,NA,NA,NA,NA,-40,-8,NA,NA,NA,3.7253471427481496e-10
675,NA,NA,NA,NA,-40,-7,NA,NA,NA,3.7253471427481496e-10
676,NA,NA,NA,NA,-40,-6,NA,NA,NA,3.7253471427481496e-10
677,NA,NA,NA,NA,-40,-5,NA,NA,NA,3.7253471427481496e-10
678,NA,NA,NA,NA,-40,-4,NA,NA,NA,3.7253471427481496e-10
679,NA,NA,NA,NA,-40,-3,NA,NA,NA,3.7253471427481496e-10
680,NA,NA,NA,NA,-40,-2,NA,NA,NA,3.7253471427481496e-10
681,NA,NA,NA,NA,-40,-1,NA,NA,NA,3.7253471427481496e-10
682,NA,NA,NA,NA,-40,0,NA,NA,NA,3.7253471427481496e-10
683,NA,NA,NA,NA,-40,1,NA,NA,NA,3.7253471427481496e-10
684,NA,NA,NA,NA,-40,2,NA,NA,NA,3.7253471427481496e-10
685,NA,NA,NA,NA,-40,3,NA,NA,NA,3.7253471427481496e-10
686,NA,NA,NA,NA,-40,4,NA,NA,NA,3.7253471427481496e-10
687,NA,NA,NA,NA,-40,5,NA,NA,NA,3.7253471427481496e-10
688,NA,NA,NA,NA,-40,6,NA,NA,NA,3.7253471427481496e-10
689,NA,NA,NA,NA,-40,7,NA,NA,NA,3.7253471427481496e-10
690,NA,NA,NA,NA,-40,8,NA,NA,NA,3.7253471427481496e-10
691,NA,NA,NA,NA,-40,9,NA,NA,NA,3.7253471427481496e-10
692,NA,NA,NA,NA,-40,10,NA,NA,NA,3.7253471427481496e-10
693,NA,NA,NA,NA,-40,11,NA,NA,NA,3.7253471427481496e-10
694,NA,NA,NA,NA,-40,12,NA,NA,NA,3.7253471427481496e-10
695,NA,NA,NA,NA,-40,13,NA,NA,NA,3.7253471427481496e-10
696,NA,NA,NA,NA,-40,14,NA,NA,NA,3.7253471427481496e-10
697,NA,NA,NA,NA,-40,15,NA,NA,NA,1.49E-009
698,NA,NA,NA,NA,-40,16,NA,NA,NA,1.05E-006
699,NA,NA,NA,NA,-40,17,NA,NA,NA,6.44E-005
700,NA,NA,NA,NA,-40,18,NA,NA,NA,6.07E-004
701,NA,NA,NA,NA,-40,19,NA,NA,NA,1.71E-003
702,NA,NA,NA,NA,-40,20,NA,NA,NA,6.16E-003
703,NA,NA,NA,NA,-40,21,NA,NA,NA,1.25E-002
704,NA,NA,NA,NA,-40,22,NA,NA,NA,2.00E-002
705,NA,NA,NA,NA,-40,23,NA,NA,NA,2.56E-002
706,NA,NA,NA,NA,-40,24,NA,NA,NA,3.40E-002
707,NA,NA,NA,NA,-40,25,NA,NA,NA,4.13E-002
708,NA,NA,NA,NA,-40,26,NA,NA,NA,5.10E-002
709,NA,NA,NA,NA,-40,27,NA,NA,NA,5.91E-002
710,NA,NA,NA,NA,-40,28,NA,NA,NA,6.69E-002
711,NA,NA,NA,NA,-40,29,NA,NA,NA,7.16E-002
712,NA,NA,NA,NA,-40,30,NA,NA,NA,8.26E-002
713,NA,NA,NA,NA,-40,31,NA,NA,NA,9.74E-002
714,NA,NA,NA,NA,-40,32,NA,NA,NA,1.12E-001
715,NA,NA,NA,NA,-32,-32,NA,NA,NA,9.09E-002
716,NA,NA,NA,NA,-32,-31,NA,NA,NA,5.94E-002
717,NA,NA,NA,NA,-32,-30,NA,NA,NA,3.52E-002
718,NA,NA,NA,NA,-32,-29,NA,NA,NA,1.80E-002
719,NA,NA,NA,NA,-32,-28,NA,NA,NA,6.86E-003
720,NA,NA,NA,NA,-32,-27,NA,NA,NA,2.31E-003
721,NA,NA,NA,NA,-32,-26,NA,NA,NA,1.99E-004
722,NA,NA,NA,NA,-32,-25,NA,NA,NA,3.81E-007
723,NA,NA,NA,NA,-32,-24,NA,NA,NA,3.7253471427481496e-10
724,NA,NA,NA,NA,-32,-23,NA,NA,NA,3.7253471427481496e-10
725,NA,NA,NA,NA,-32,-22,NA,NA,NA,3.7253471427481496e-10
726,NA,NA,NA,NA,-32,-21,NA,NA,NA,3.7253471427481496e-10
727,NA,NA,NA,NA,-32,-20,NA,NA,NA,3.7253471427481496e-10
728,NA,NA,NA,NA,-32,-19,NA,NA,NA,3.7253471427481496e-10
729,NA,NA,NA,NA,-32,-18,NA,NA,NA,3.7253471427481496e-10
730,NA,NA,NA,NA,-32,-17,NA,NA,NA,3.7253471427481496e-10
731,NA,NA,NA,NA,-32,-16,NA,NA,NA,3.7253471427481496e-10
732,NA,NA,NA,NA,-32,-15,NA,NA,NA,3.7253471427481496e-10
733,NA,NA,NA,NA,-32,-14,NA,NA,NA,3.7253471427481496e-10
734,NA,NA,NA,NA,-32,-13,NA,NA,NA,3.7253471427481496e-10
735,NA,NA,NA,NA,-32,-12,NA,NA,NA,3.7253471427481496e-10
736,NA,NA,NA,NA,-32,-11,NA,NA,NA,3.7253471427481496e-10
737,NA,NA,NA,NA,-32,-10,NA,NA,NA,3.7253471427481496e-10
738,NA,NA,NA,NA,-32,-9,NA,NA,NA,3.7253471427481496e-10
739,NA,NA,NA,NA,-32,-8,NA,NA,NA,3.7253471427481496e-10
740,NA,NA,NA,NA,-32,-7,NA,NA,NA,3.7253471427481496e-10
741,NA,NA,NA,NA,-32,-6,NA,NA,NA,3.7253471427481496e-10
742,NA,NA,NA,NA,-32,-5,NA,NA,NA,3.7253471427481496e-10
743,NA,NA,NA,NA,-32,-4,NA,NA,NA,3.7253471427481496e-10
744,NA,NA,NA,NA,-32,-3,NA,NA,NA,3.7253471427481496e-10
745,NA,NA,NA,NA,-32,-2,NA,NA,NA,3.7253471427481496e-10
746,NA,NA,NA,NA,-32,-1,NA,NA,NA,3.7253471427481496e-10
747,NA,NA,NA,NA,-32,0,NA,NA,NA,3.7253471427481496e-10
748,NA,NA,NA,NA,-32,1,NA,NA,NA,3.7253471427481496e-10
749,NA,NA,NA,NA,-32,2,NA,NA,NA,3.7253471427481496e-10
750,NA,NA,NA,NA,-32,3,NA,NA,NA,3.7253471427481496e-10
751,NA,NA,NA,NA,-32,4,NA,NA,NA,3.7253471427481496e-10
752,NA,NA,NA,NA,-32,5,NA,NA,NA,3.7253471427481496e-10
753,NA,NA,NA,NA,-32,6,NA,NA,NA,3.7253471427481496e-10
754,NA,NA,NA,NA,-32,7,NA,NA,NA,3.7253471427481496e-10
755,NA,NA,NA,NA,-32,8,NA,NA,NA,3.7253471427481496e-10
756,NA,NA,NA,NA,-32,9,NA,NA,NA,3.7253471427481496e-10
757,NA,NA,NA,NA,-32,10,NA,NA,NA,3.7253471427481496e-10
758,NA,NA,NA,NA,-32,11,NA,NA,NA,3.7253471427481496e-10
759,NA,NA,NA,NA,-32,12,NA,NA,NA,3.7253471427481496e-10
760,NA,NA,NA,NA,-32,13,NA,NA,NA,3.7253471427481496e-10
761,NA,NA,NA,NA,-32,14,NA,NA,NA,3.7253471427481496e-10
762,NA,NA,NA,NA,-32,15,NA,NA,NA,3.7253471427481496e-10
763,NA,NA,NA,NA,-32,16,NA,NA,NA,3.7253471427481496e-10
764,NA,NA,NA,NA,-32,17,NA,NA,NA,2.86E-007
765,NA,NA,NA,NA,-32,18,NA,NA,NA,7.60E-005
766,NA,NA,NA,NA,-32,19,NA,NA,NA,4.72E-004
767,NA,NA,NA,NA,-32,20,NA,NA,NA,1.61E-003
768,NA,NA,NA,NA,-32,21,NA,NA,NA,4.53E-003
769,NA,NA,NA,NA,-32,22,NA,NA,NA,1.20E-002
770,NA,NA,NA,NA,-32,23,NA,NA,NA,1.84E-002
771,NA,NA,NA,NA,-32,24,NA,NA,NA,2.55E-002
772,NA,NA,NA,NA,-32,25,NA,NA,NA,3.26E-002
773,NA,NA,NA,NA,-32,26,NA,NA,NA,4.17E-002
774,NA,NA,NA,NA,-32,27,NA,NA,NA,5.19E-002
775,NA,NA,NA,NA,-32,28,NA,NA,NA,6.32E-002
776,NA,NA,NA,NA,-32,29,NA,NA,NA,7.15E-002
777,NA,NA,NA,NA,-32,30,NA,NA,NA,8.81E-002
778,NA,NA,NA,NA,-32,31,NA,NA,NA,1.04E-001
779,NA,NA,NA,NA,-32,32,NA,NA,NA,1.19E-001
780,NA,NA,NA,NA,-24,-32,NA,NA,NA,8.46E-002
781,NA,NA,NA,NA,-24,-31,NA,NA,NA,5.32E-002
782,NA,NA,NA,NA,-24,-30,NA,NA,NA,2.82E-002
783,NA,NA,NA,NA,-24,-29,NA,NA,NA,1.28E-002
784,NA,NA,NA,NA,-24,-28,NA,NA,NA,4.83E-003
785,NA,NA,NA,NA,-24,-27,NA,NA,NA,1.09E-003
786,NA,NA,NA,NA,-24,-26,NA,NA,NA,5.72E-005
787,NA,NA,NA,NA,-24,-25,NA,NA,NA,4.32E-008
788,NA,NA,NA,NA,-24,-24,NA,NA,NA,3.7253471427481496e-10
789,NA,NA,NA,NA,-24,-23,NA,NA,NA,3.7253471427481496e-10
790,NA,NA,NA,NA,-24,-22,NA,NA,NA,3.7253471427481496e-10
791,NA,NA,NA,NA,-24,-21,NA,NA,NA,3.7253471427481496e-10
792,NA,NA,NA,NA,-24,-20,NA,NA,NA,3.7253471427481496e-10
793,NA,NA,NA,NA,-24,-19,NA,NA,NA,3.7253471427481496e-10
794,NA,NA,NA,NA,-24,-18,NA,NA,NA,3.7253471427481496e-10
795,NA,NA,NA,NA,-24,-17,NA,NA,NA,3.7253471427481496e-10
796,NA,NA,NA,NA,-24,-16,NA,NA,NA,3.7253471427481496e-10
797,NA,NA,NA,NA,-24,-15,NA,NA,NA,3.7253471427481496e-10
798,NA,NA,NA,NA,-24,-14,NA,NA,NA,3.7253471427481496e-10
799,NA,NA,NA,NA,-24,-13,NA,NA,NA,3.7253471427481496e-10
800,NA,NA,NA,NA,-24,-12,NA,NA,NA,3.7253471427481496e-10
801,NA,NA,NA,NA,-24,-11,NA,NA,NA,3.7253471427481496e-10
802,NA,NA,NA,NA,-24,-10,NA,NA,NA,3.7253471427481496e-10
803,NA,NA,NA,NA,-24,-9,NA,NA,NA,3.7253471427481496e-10
804,NA,NA,NA,NA,-24,-8,NA,NA,NA,3.7253471427481496e-10
805,NA,NA,NA,NA,-24,-7,NA,NA,NA,3.7253471427481496e-10
806,NA,NA,NA,NA,-24,-6,NA,NA,NA,3.7253471427481496e-10
807,NA,NA,NA,NA,-24,-5,NA,NA,NA,3.7253471427481496e-10
808,NA,NA,NA,NA,-24,-4,NA,NA,NA,3.7253471427481496e-10
809,NA,NA,NA,NA,-24,-3,NA,NA,NA,3.7253471427481496e-10
810,NA,NA,NA,NA,-24,-2,NA,NA,NA,3.7253471427481496e-10
811,NA,NA,NA,NA,-24,-1,NA,NA,NA,3.7253471427481496e-10
812,NA,NA,NA,NA,-24,0,NA,NA,NA,3.7253471427481496e-10
813,NA,NA,NA,NA,-24,1,NA,NA,NA,3.7253471427481496e-10
814,NA,NA,NA,NA,-24,2,NA,NA,NA,3.7253471427481496e-10
815,NA,NA,NA,NA,-24,3,NA,NA,NA,3.7253471427481496e-10
816,NA,NA,NA,NA,-24,4,NA,NA,NA,3.7253471427481496e-10
817,NA,NA,NA,NA,-24,5,NA,NA,NA,3.7253471427481496e-10
818,NA,NA,NA,NA,-24,6,NA,NA,NA,3.7253471427481496e-10
819,NA,NA,NA,NA,-24,7,NA,NA,NA,3.7253471427481496e-10
820,NA,NA,NA,NA,-24,8,NA,NA,NA,3.7253471427481496e-10
821,NA,NA,NA,NA,-24,9,NA,NA,NA,3.7253471427481496e-10
822,NA,NA,NA,NA,-24,10,NA,NA,NA,3.7253471427481496e-10
823,NA,NA,NA,NA,-24,11,NA,NA,NA,3.7253471427481496e-10
824,NA,NA,NA,NA,-24,12,NA,NA,NA,3.7253471427481496e-10
825,NA,NA,NA,NA,-24,13,NA,NA,NA,3.7253471427481496e-10
826,NA,NA,NA,NA,-24,14,NA,NA,NA,3.7253471427481496e-10
827,NA,NA,NA,NA,-24,15,NA,NA,NA,3.7253471427481496e-10
828,NA,NA,NA,NA,-24,16,NA,NA,NA,3.7253471427481496e-10
829,NA,NA,NA,NA,-24,17,NA,NA,NA,7.45E-010
830,NA,NA,NA,NA,-24,18,NA,NA,NA,2.67E-006
831,NA,NA,NA,NA,-24,19,NA,NA,NA,9.00E-005
832,NA,NA,NA,NA,-24,20,NA,NA,NA,5.25E-004
833,NA,NA,NA,NA,-24,21,NA,NA,NA,1.43E-003
834,NA,NA,NA,NA,-24,22,NA,NA,NA,5.55E-003
835,NA,NA,NA,NA,-24,23,NA,NA,NA,1.18E-002
836,NA,NA,NA,NA,-24,24,NA,NA,NA,1.98E-002
837,NA,NA,NA,NA,-24,25,NA,NA,NA,2.56E-002
838,NA,NA,NA,NA,-24,26,NA,NA,NA,3.54E-002
839,NA,NA,NA,NA,-24,27,NA,NA,NA,4.44E-002
840,NA,NA,NA,NA,-24,28,NA,NA,NA,5.86E-002
841,NA,NA,NA,NA,-24,29,NA,NA,NA,7.18E-002
842,NA,NA,NA,NA,-24,30,NA,NA,NA,9.20E-002
843,NA,NA,NA,NA,-24,31,NA,NA,NA,1.09E-001
844,NA,NA,NA,NA,-24,32,NA,NA,NA,1.23E-001
845,NA,NA,NA,NA,-16,-32,NA,NA,NA,7.72E-002
846,NA,NA,NA,NA,-16,-31,NA,NA,NA,4.80E-002
847,NA,NA,NA,NA,-16,-30,NA,NA,NA,2.21E-002
848,NA,NA,NA,NA,-16,-29,NA,NA,NA,8.61E-003
849,NA,NA,NA,NA,-16,-28,NA,NA,NA,2.73E-003
850,NA,NA,NA,NA,-16,-27,NA,NA,NA,3.13E-004
851,NA,NA,NA,NA,-16,-26,NA,NA,NA,3.81E-006
852,NA,NA,NA,NA,-16,-25,NA,NA,NA,3.73E-010
853,NA,NA,NA,NA,-16,-24,NA,NA,NA,3.7253471427481496e-10
854,NA,NA,NA,NA,-16,-23,NA,NA,NA,3.7253471427481496e-10
855,NA,NA,NA,NA,-16,-22,NA,NA,NA,3.7253471427481496e-10
856,NA,NA,NA,NA,-16,-21,NA,NA,NA,3.7253471427481496e-10
857,NA,NA,NA,NA,-16,-20,NA,NA,NA,3.7253471427481496e-10
858,NA,NA,NA,NA,-16,-19,NA,NA,NA,3.7253471427481496e-10
859,NA,NA,NA,NA,-16,-18,NA,NA,NA,3.7253471427481496e-10
860,NA,NA,NA,NA,-16,-17,NA,NA,NA,3.7253471427481496e-10
861,NA,NA,NA,NA,-16,-16,NA,NA,NA,3.7253471427481496e-10
862,NA,NA,NA,NA,-16,-15,NA,NA,NA,3.7253471427481496e-10
863,NA,NA,NA,NA,-16,-14,NA,NA,NA,3.7253471427481496e-10
864,NA,NA,NA,NA,-16,-13,NA,NA,NA,3.7253471427481496e-10
865,NA,NA,NA,NA,-16,-12,NA,NA,NA,3.7253471427481496e-10
866,NA,NA,NA,NA,-16,-11,NA,NA,NA,3.7253471427481496e-10
867,NA,NA,NA,NA,-16,-10,NA,NA,NA,3.7253471427481496e-10
868,NA,NA,NA,NA,-16,-9,NA,NA,NA,3.7253471427481496e-10
869,NA,NA,NA,NA,-16,-8,NA,NA,NA,3.7253471427481496e-10
870,NA,NA,NA,NA,-16,-7,NA,NA,NA,3.7253471427481496e-10
871,NA,NA,NA,NA,-16,-6,NA,NA,NA,3.7253471427481496e-10
872,NA,NA,NA,NA,-16,-5,NA,NA,NA,3.7253471427481496e-10
873,NA,NA,NA,NA,-16,-4,NA,NA,NA,3.7253471427481496e-10
874,NA,NA,NA,NA,-16,-3,NA,NA,NA,3.7253471427481496e-10
875,NA,NA,NA,NA,-16,-2,NA,NA,NA,3.7253471427481496e-10
876,NA,NA,NA,NA,-16,-1,NA,NA,NA,3.7253471427481496e-10
877,NA,NA,NA,NA,-16,0,NA,NA,NA,3.7253471427481496e-10
878,NA,NA,NA,NA,-16,1,NA,NA,NA,3.7253471427481496e-10
879,NA,NA,NA,NA,-16,2,NA,NA,NA,3.7253471427481496e-10
880,NA,NA,NA,NA,-16,3,NA,NA,NA,3.7253471427481496e-10
881,NA,NA,NA,NA,-16,4,NA,NA,NA,3.7253471427481496e-10
882,NA,NA,NA,NA,-16,5,NA,NA,NA,3.7253471427481496e-10
883,NA,NA,NA,NA,-16,6,NA,NA,NA,3.7253471427481496e-10
884,NA,NA,NA,NA,-16,7,NA,NA,NA,3.7253471427481496e-10
885,NA,NA,NA,NA,-16,8,NA,NA,NA,3.7253471427481496e-10
886,NA,NA,NA,NA,-16,9,NA,NA,NA,3.7253471427481496e-10
887,NA,NA,NA,NA,-16,10,NA,NA,NA,3.7253471427481496e-10
888,NA,NA,NA,NA,-16,11,NA,NA,NA,3.7253471427481496e-10
889,NA,NA,NA,NA,-16,12,NA,NA,NA,3.7253471427481496e-10
890,NA,NA,NA,NA,-16,13,NA,NA,NA,3.7253471427481496e-10
891,NA,NA,NA,NA,-16,14,NA,NA,NA,3.7253471427481496e-10
892,NA,NA,NA,NA,-16,15,NA,NA,NA,3.7253471427481496e-10
893,NA,NA,NA,NA,-16,16,NA,NA,NA,3.7253471427481496e-10
894,NA,NA,NA,NA,-16,17,NA,NA,NA,3.7253471427481496e-10
895,NA,NA,NA,NA,-16,18,NA,NA,NA,5.96E-009
896,NA,NA,NA,NA,-16,19,NA,NA,NA,2.10E-006
897,NA,NA,NA,NA,-16,20,NA,NA,NA,1.23E-004
898,NA,NA,NA,NA,-16,21,NA,NA,NA,5.98E-004
899,NA,NA,NA,NA,-16,22,NA,NA,NA,1.81E-003
900,NA,NA,NA,NA,-16,23,NA,NA,NA,4.84E-003
901,NA,NA,NA,NA,-16,24,NA,NA,NA,1.29E-002
902,NA,NA,NA,NA,-16,25,NA,NA,NA,1.94E-002
903,NA,NA,NA,NA,-16,26,NA,NA,NA,2.79E-002
904,NA,NA,NA,NA,-16,27,NA,NA,NA,3.92E-002
905,NA,NA,NA,NA,-16,28,NA,NA,NA,5.29E-002
906,NA,NA,NA,NA,-16,29,NA,NA,NA,7.23E-002
907,NA,NA,NA,NA,-16,30,NA,NA,NA,9.61E-002
908,NA,NA,NA,NA,-16,31,NA,NA,NA,1.16E-001
909,NA,NA,NA,NA,-16,32,NA,NA,NA,1.27E-001
910,NA,NA,NA,NA,-8,-32,NA,NA,NA,7.37E-002
911,NA,NA,NA,NA,-8,-31,NA,NA,NA,4.22E-002
912,NA,NA,NA,NA,-8,-30,NA,NA,NA,1.76E-002
913,NA,NA,NA,NA,-8,-29,NA,NA,NA,5.97E-003
914,NA,NA,NA,NA,-8,-28,NA,NA,NA,1.20E-003
915,NA,NA,NA,NA,-8,-27,NA,NA,NA,3.64E-005
916,NA,NA,NA,NA,-8,-26,NA,NA,NA,3.81E-007
917,NA,NA,NA,NA,-8,-25,NA,NA,NA,3.7253471427481496e-10
918,NA,NA,NA,NA,-8,-24,NA,NA,NA,3.7253471427481496e-10
919,NA,NA,NA,NA,-8,-23,NA,NA,NA,3.7253471427481496e-10
920,NA,NA,NA,NA,-8,-22,NA,NA,NA,3.7253471427481496e-10
921,NA,NA,NA,NA,-8,-21,NA,NA,NA,3.7253471427481496e-10
922,NA,NA,NA,NA,-8,-20,NA,NA,NA,3.7253471427481496e-10
923,NA,NA,NA,NA,-8,-19,NA,NA,NA,3.7253471427481496e-10
924,NA,NA,NA,NA,-8,-18,NA,NA,NA,3.7253471427481496e-10
925,NA,NA,NA,NA,-8,-17,NA,NA,NA,3.7253471427481496e-10
926,NA,NA,NA,NA,-8,-16,NA,NA,NA,3.7253471427481496e-10
927,NA,NA,NA,NA,-8,-15,NA,NA,NA,3.7253471427481496e-10
928,NA,NA,NA,NA,-8,-14,NA,NA,NA,3.7253471427481496e-10
929,NA,NA,NA,NA,-8,-13,NA,NA,NA,3.7253471427481496e-10
930,NA,NA,NA,NA,-8,-12,NA,NA,NA,3.7253471427481496e-10
931,NA,NA,NA,NA,-8,-11,NA,NA,NA,3.7253471427481496e-10
932,NA,NA,NA,NA,-8,-10,NA,NA,NA,3.7253471427481496e-10
933,NA,NA,NA,NA,-8,-9,NA,NA,NA,3.7253471427481496e-10
934,NA,NA,NA,NA,-8,-8,NA,NA,NA,3.7253471427481496e-10
935,NA,NA,NA,NA,-8,-7,NA,NA,NA,3.7253471427481496e-10
936,NA,NA,NA,NA,-8,-6,NA,NA,NA,3.7253471427481496e-10
937,NA,NA,NA,NA,-8,-5,NA,NA,NA,3.7253471427481496e-10
938,NA,NA,NA,NA,-8,-4,NA,NA,NA,3.7253471427481496e-10
939,NA,NA,NA,NA,-8,-3,NA,NA,NA,3.7253471427481496e-10
940,NA,NA,NA,NA,-8,-2,NA,NA,NA,3.7253471427481496e-10
941,NA,NA,NA,NA,-8,-1,NA,NA,NA,3.7253471427481496e-10
942,NA,NA,NA,NA,-8,0,NA,NA,NA,3.7253471427481496e-10
943,NA,NA,NA,NA,-8,1,NA,NA,NA,3.7253471427481496e-10
944,NA,NA,NA,NA,-8,2,NA,NA,NA,3.7253471427481496e-10
945,NA,NA,NA,NA,-8,3,NA,NA,NA,3.7253471427481496e-10
946,NA,NA,NA,NA,-8,4,NA,NA,NA,3.7253471427481496e-10
947,NA,NA,NA,NA,-8,5,NA,NA,NA,3.7253471427481496e-10
948,NA,NA,NA,NA,-8,6,NA,NA,NA,3.7253471427481496e-10
949,NA,NA,NA,NA,-8,7,NA,NA,NA,3.7253471427481496e-10
950,NA,NA,NA,NA,-8,8,NA,NA,NA,3.7253471427481496e-10
951,NA,NA,NA,NA,-8,9,NA,NA,NA,3.7253471427481496e-10
952,NA,NA,NA,NA,-8,10,NA,NA,NA,3.7253471427481496e-10
953,NA,NA,NA,NA,-8,11,NA,NA,NA,3.7253471427481496e-10
954,NA,NA,NA,NA,-8,12,NA,NA,NA,3.7253471427481496e-10
955,NA,NA,NA,NA,-8,13,NA,NA,NA,3.7253471427481496e-10
956,NA,NA,NA,NA,-8,14,NA,NA,NA,3.7253471427481496e-10
957,NA,NA,NA,NA,-8,15,NA,NA,NA,3.7253471427481496e-10
958,NA,NA,NA,NA,-8,16,NA,NA,NA,3.7253471427481496e-10
959,NA,NA,NA,NA,-8,17,NA,NA,NA,3.7253471427481496e-10
960,NA,NA,NA,NA,-8,18,NA,NA,NA,3.7253471427481496e-10
961,NA,NA,NA,NA,-8,19,NA,NA,NA,1.49E-008
962,NA,NA,NA,NA,-8,20,NA,NA,NA,6.01E-006
963,NA,NA,NA,NA,-8,21,NA,NA,NA,1.85E-004
964,NA,NA,NA,NA,-8,22,NA,NA,NA,7.92E-004
965,NA,NA,NA,NA,-8,23,NA,NA,NA,1.72E-003
966,NA,NA,NA,NA,-8,24,NA,NA,NA,6.25E-003
967,NA,NA,NA,NA,-8,25,NA,NA,NA,1.31E-002
968,NA,NA,NA,NA,-8,26,NA,NA,NA,2.23E-002
969,NA,NA,NA,NA,-8,27,NA,NA,NA,3.29E-002
970,NA,NA,NA,NA,-8,28,NA,NA,NA,4.95E-002
971,NA,NA,NA,NA,-8,29,NA,NA,NA,7.30E-002
972,NA,NA,NA,NA,-8,30,NA,NA,NA,9.97E-002
973,NA,NA,NA,NA,-8,31,NA,NA,NA,1.22E-001
974,NA,NA,NA,NA,-8,32,NA,NA,NA,1.30E-001
975,NA,NA,NA,NA,0,-32,NA,NA,NA,7.51E-002
976,NA,NA,NA,NA,0,-31,NA,NA,NA,4.15E-002
977,NA,NA,NA,NA,0,-30,NA,NA,NA,1.61E-002
978,NA,NA,NA,NA,0,-29,NA,NA,NA,5.40E-003
979,NA,NA,NA,NA,0,-28,NA,NA,NA,6.29E-004
980,NA,NA,NA,NA,0,-27,NA,NA,NA,3.61E-006
981,NA,NA,NA,NA,0,-26,NA,NA,NA,1.86E-009
982,NA,NA,NA,NA,0,-25,NA,NA,NA,3.7253471427481496e-10
983,NA,NA,NA,NA,0,-24,NA,NA,NA,3.7253471427481496e-10
984,NA,NA,NA,NA,0,-23,NA,NA,NA,3.7253471427481496e-10
985,NA,NA,NA,NA,0,-22,NA,NA,NA,3.7253471427481496e-10
986,NA,NA,NA,NA,0,-21,NA,NA,NA,3.7253471427481496e-10
987,NA,NA,NA,NA,0,-20,NA,NA,NA,3.7253471427481496e-10
988,NA,NA,NA,NA,0,-19,NA,NA,NA,3.7253471427481496e-10
989,NA,NA,NA,NA,0,-18,NA,NA,NA,3.7253471427481496e-10
990,NA,NA,NA,NA,0,-17,NA,NA,NA,3.7253471427481496e-10
991,NA,NA,NA,NA,0,-16,NA,NA,NA,3.7253471427481496e-10
992,NA,NA,NA,NA,0,-15,NA,NA,NA,3.7253471427481496e-10
993,NA,NA,NA,NA,0,-14,NA,NA,NA,3.7253471427481496e-10
994,NA,NA,NA,NA,0,-13,NA,NA,NA,3.7253471427481496e-10
995,NA,NA,NA,NA,0,-12,NA,NA,NA,3.7253471427481496e-10
996,NA,NA,NA,NA,0,-11,NA,NA,NA,3.7253471427481496e-10
997,NA,NA,NA,NA,0,-10,NA,NA,NA,3.7253471427481496e-10
998,NA,NA,NA,NA,0,-9,NA,NA,NA,3.7253471427481496e-10
999,NA,NA,NA,NA,0,-8,NA,NA,NA,3.7253471427481496e-10
1000,NA,NA,NA,NA,0,-7,NA,NA,NA,3.7253471427481496e-10
1001,NA,NA,NA,NA,0,-6,NA,NA,NA,3.7253471427481496e-10
1002,NA,NA,NA,NA,0,-5,NA,NA,NA,3.7253471427481496e-10
1003,NA,NA,NA,NA,0,-4,NA,NA,NA,3.7253471427481496e-10
1004,NA,NA,NA,NA,0,-3,NA,NA,NA,3.7253471427481496e-10
1005,NA,NA,NA,NA,0,-2,NA,NA,NA,3.7253471427481496e-10
1006,NA,NA,NA,NA,0,-1,NA,NA,NA,3.7253471427481496e-10
1007,NA,NA,NA,NA,0,0,NA,NA,NA,3.7253471427481496e-10
1008,NA,NA,NA,NA,0,1,NA,NA,NA,3.7253471427481496e-10
1009,NA,NA,NA,NA,0,2,NA,NA,NA,3.7253471427481496e-10
1010,NA,NA,NA,NA,0,3,NA,NA,NA,3.7253471427481496e-10
1011,NA,NA,NA,NA,0,4,NA,NA,NA,3.7253471427481496e-10
1012,NA,NA,NA,NA,0,5,NA,NA,NA,3.7253471427481496e-10
1013,NA,NA,NA,NA,0,6,NA,NA,NA,3.7253471427481496e-10
1014,NA,NA,NA,NA,0,7,NA,NA,NA,3.7253471427481496e-10
1015,NA,NA,NA,NA,0,8,NA,NA,NA,3.7253471427481496e-10
1016,NA,NA,NA,NA,0,9,NA,NA,NA,3.7253471427481496e-10
1017,NA,NA,NA,NA,0,10,NA,NA,NA,3.7253471427481496e-10
1018,NA,NA,NA,NA,0,11,NA,NA,NA,3.7253471427481496e-10
1019,NA,NA,NA,NA,0,12,NA,NA,NA,3.7253471427481496e-10
1020,NA,NA,NA,NA,0,13,NA,NA,NA,3.7253471427481496e-10
1021,NA,NA,NA,NA,0,14,NA,NA,NA,3.7253471427481496e-10
1022,NA,NA,NA,NA,0,15,NA,NA,NA,3.7253471427481496e-10
1023,NA,NA,NA,NA,0,16,NA,NA,NA,3.7253471427481496e-10
1024,NA,NA,NA,NA,0,17,NA,NA,NA,3.7253471427481496e-10
1025,NA,NA,NA,NA,0,18,NA,NA,NA,3.7253471427481496e-10
1026,NA,NA,NA,NA,0,19,NA,NA,NA,3.7253471427481496e-10
1027,NA,NA,NA,NA,0,20,NA,NA,NA,2.24E-008
1028,NA,NA,NA,NA,0,21,NA,NA,NA,3.91E-006
1029,NA,NA,NA,NA,0,22,NA,NA,NA,1.80E-004
1030,NA,NA,NA,NA,0,23,NA,NA,NA,7.17E-004
1031,NA,NA,NA,NA,0,24,NA,NA,NA,2.17E-003
1032,NA,NA,NA,NA,0,25,NA,NA,NA,5.60E-003
1033,NA,NA,NA,NA,0,26,NA,NA,NA,1.58E-002
1034,NA,NA,NA,NA,0,27,NA,NA,NA,2.72E-002
1035,NA,NA,NA,NA,0,28,NA,NA,NA,4.74E-002
1036,NA,NA,NA,NA,0,29,NA,NA,NA,6.91E-002
1037,NA,NA,NA,NA,0,30,NA,NA,NA,1.03E-001
1038,NA,NA,NA,NA,0,31,NA,NA,NA,1.24E-001
1039,NA,NA,NA,NA,0,32,NA,NA,NA,1.33E-001
1040,NA,NA,NA,NA,8,-32,NA,NA,NA,7.55E-002
1041,NA,NA,NA,NA,8,-31,NA,NA,NA,4.01E-002
1042,NA,NA,NA,NA,8,-30,NA,NA,NA,1.66E-002
1043,NA,NA,NA,NA,8,-29,NA,NA,NA,5.26E-003
1044,NA,NA,NA,NA,8,-28,NA,NA,NA,1.04E-003
1045,NA,NA,NA,NA,8,-27,NA,NA,NA,2.63E-005
1046,NA,NA,NA,NA,8,-26,NA,NA,NA,6.26E-008
1047,NA,NA,NA,NA,8,-25,NA,NA,NA,3.7253471427481496e-10
1048,NA,NA,NA,NA,8,-24,NA,NA,NA,3.7253471427481496e-10
1049,NA,NA,NA,NA,8,-23,NA,NA,NA,3.7253471427481496e-10
1050,NA,NA,NA,NA,8,-22,NA,NA,NA,3.7253471427481496e-10
1051,NA,NA,NA,NA,8,-21,NA,NA,NA,3.7253471427481496e-10
1052,NA,NA,NA,NA,8,-20,NA,NA,NA,3.7253471427481496e-10
1053,NA,NA,NA,NA,8,-19,NA,NA,NA,3.7253471427481496e-10
1054,NA,NA,NA,NA,8,-18,NA,NA,NA,3.7253471427481496e-10
1055,NA,NA,NA,NA,8,-17,NA,NA,NA,3.7253471427481496e-10
1056,NA,NA,NA,NA,8,-16,NA,NA,NA,3.7253471427481496e-10
1057,NA,NA,NA,NA,8,-15,NA,NA,NA,3.7253471427481496e-10
1058,NA,NA,NA,NA,8,-14,NA,NA,NA,3.7253471427481496e-10
1059,NA,NA,NA,NA,8,-13,NA,NA,NA,3.7253471427481496e-10
1060,NA,NA,NA,NA,8,-12,NA,NA,NA,3.7253471427481496e-10
1061,NA,NA,NA,NA,8,-11,NA,NA,NA,3.7253471427481496e-10
1062,NA,NA,NA,NA,8,-10,NA,NA,NA,3.7253471427481496e-10
1063,NA,NA,NA,NA,8,-9,NA,NA,NA,3.7253471427481496e-10
1064,NA,NA,NA,NA,8,-8,NA,NA,NA,3.7253471427481496e-10
1065,NA,NA,NA,NA,8,-7,NA,NA,NA,3.7253471427481496e-10
1066,NA,NA,NA,NA,8,-6,NA,NA,NA,3.7253471427481496e-10
1067,NA,NA,NA,NA,8,-5,NA,NA,NA,3.7253471427481496e-10
1068,NA,NA,NA,NA,8,-4,NA,NA,NA,3.7253471427481496e-10
1069,NA,NA,NA,NA,8,-3,NA,NA,NA,3.7253471427481496e-10
1070,NA,NA,NA,NA,8,-2,NA,NA,NA,3.7253471427481496e-10
1071,NA,NA,NA,NA,8,-1,NA,NA,NA,3.7253471427481496e-10
1072,NA,NA,NA,NA,8,0,NA,NA,NA,3.7253471427481496e-10
1073,NA,NA,NA,NA,8,1,NA,NA,NA,3.7253471427481496e-10
1074,NA,NA,NA,NA,8,2,NA,NA,NA,3.7253471427481496e-10
1075,NA,NA,NA,NA,8,3,NA,NA,NA,3.7253471427481496e-10
1076,NA,NA,NA,NA,8,4,NA,NA,NA,3.7253471427481496e-10
1077,NA,NA,NA,NA,8,5,NA,NA,NA,3.7253471427481496e-10
1078,NA,NA,NA,NA,8,6,NA,NA,NA,3.7253471427481496e-10
1079,NA,NA,NA,NA,8,7,NA,NA,NA,3.7253471427481496e-10
1080,NA,NA,NA,NA,8,8,NA,NA,NA,3.7253471427481496e-10
1081,NA,NA,NA,NA,8,9,NA,NA,NA,3.7253471427481496e-10
1082,NA,NA,NA,NA,8,10,NA,NA,NA,3.7253471427481496e-10
1083,NA,NA,NA,NA,8,11,NA,NA,NA,3.7253471427481496e-10
1084,NA,NA,NA,NA,8,12,NA,NA,NA,3.7253471427481496e-10
1085,NA,NA,NA,NA,8,13,NA,NA,NA,3.7253471427481496e-10
1086,NA,NA,NA,NA,8,14,NA,NA,NA,3.7253471427481496e-10
1087,NA,NA,NA,NA,8,15,NA,NA,NA,3.7253471427481496e-10
1088,NA,NA,NA,NA,8,16,NA,NA,NA,3.7253471427481496e-10
1089,NA,NA,NA,NA,8,17,NA,NA,NA,3.7253471427481496e-10
1090,NA,NA,NA,NA,8,18,NA,NA,NA,3.7253471427481496e-10
1091,NA,NA,NA,NA,8,19,NA,NA,NA,3.7253471427481496e-10
1092,NA,NA,NA,NA,8,20,NA,NA,NA,3.7253471427481496e-10
1093,NA,NA,NA,NA,8,21,NA,NA,NA,1.29E-007
1094,NA,NA,NA,NA,8,22,NA,NA,NA,3.22E-005
1095,NA,NA,NA,NA,8,23,NA,NA,NA,5.97E-004
1096,NA,NA,NA,NA,8,24,NA,NA,NA,1.76E-003
1097,NA,NA,NA,NA,8,25,NA,NA,NA,4.08E-003
1098,NA,NA,NA,NA,8,26,NA,NA,NA,1.13E-002
1099,NA,NA,NA,NA,8,27,NA,NA,NA,2.55E-002
1100,NA,NA,NA,NA,8,28,NA,NA,NA,4.82E-002
1101,NA,NA,NA,NA,8,29,NA,NA,NA,6.96E-002
1102,NA,NA,NA,NA,8,30,NA,NA,NA,1.04E-001
1103,NA,NA,NA,NA,8,31,NA,NA,NA,1.25E-001
1104,NA,NA,NA,NA,8,32,NA,NA,NA,1.34E-001
1105,NA,NA,NA,NA,16,-32,NA,NA,NA,7.78E-002
1106,NA,NA,NA,NA,16,-31,NA,NA,NA,4.28E-002
1107,NA,NA,NA,NA,16,-30,NA,NA,NA,1.87E-002
1108,NA,NA,NA,NA,16,-29,NA,NA,NA,6.63E-003
1109,NA,NA,NA,NA,16,-28,NA,NA,NA,2.20E-003
1110,NA,NA,NA,NA,16,-27,NA,NA,NA,2.59E-004
1111,NA,NA,NA,NA,16,-26,NA,NA,NA,1.93E-006
1112,NA,NA,NA,NA,16,-25,NA,NA,NA,3.7253471427481496e-10
1113,NA,NA,NA,NA,16,-24,NA,NA,NA,3.7253471427481496e-10
1114,NA,NA,NA,NA,16,-23,NA,NA,NA,3.7253471427481496e-10
1115,NA,NA,NA,NA,16,-22,NA,NA,NA,3.7253471427481496e-10
1116,NA,NA,NA,NA,16,-21,NA,NA,NA,3.7253471427481496e-10
1117,NA,NA,NA,NA,16,-20,NA,NA,NA,3.7253471427481496e-10
1118,NA,NA,NA,NA,16,-19,NA,NA,NA,3.7253471427481496e-10
1119,NA,NA,NA,NA,16,-18,NA,NA,NA,3.7253471427481496e-10
1120,NA,NA,NA,NA,16,-17,NA,NA,NA,3.7253471427481496e-10
1121,NA,NA,NA,NA,16,-16,NA,NA,NA,3.7253471427481496e-10
1122,NA,NA,NA,NA,16,-15,NA,NA,NA,3.7253471427481496e-10
1123,NA,NA,NA,NA,16,-14,NA,NA,NA,3.7253471427481496e-10
1124,NA,NA,NA,NA,16,-13,NA,NA,NA,3.7253471427481496e-10
1125,NA,NA,NA,NA,16,-12,NA,NA,NA,3.7253471427481496e-10
1126,NA,NA,NA,NA,16,-11,NA,NA,NA,3.7253471427481496e-10
1127,NA,NA,NA,NA,16,-10,NA,NA,NA,3.7253471427481496e-10
1128,NA,NA,NA,NA,16,-9,NA,NA,NA,3.7253471427481496e-10
1129,NA,NA,NA,NA,16,-8,NA,NA,NA,3.7253471427481496e-10
1130,NA,NA,NA,NA,16,-7,NA,NA,NA,3.7253471427481496e-10
1131,NA,NA,NA,NA,16,-6,NA,NA,NA,3.7253471427481496e-10
1132,NA,NA,NA,NA,16,-5,NA,NA,NA,3.7253471427481496e-10
1133,NA,NA,NA,NA,16,-4,NA,NA,NA,3.7253471427481496e-10
1134,NA,NA,NA,NA,16,-3,NA,NA,NA,3.7253471427481496e-10
1135,NA,NA,NA,NA,16,-2,NA,NA,NA,3.7253471427481496e-10
1136,NA,NA,NA,NA,16,-1,NA,NA,NA,3.7253471427481496e-10
1137,NA,NA,NA,NA,16,0,NA,NA,NA,3.7253471427481496e-10
1138,NA,NA,NA,NA,16,1,NA,NA,NA,3.7253471427481496e-10
1139,NA,NA,NA,NA,16,2,NA,NA,NA,3.7253471427481496e-10
1140,NA,NA,NA,NA,16,3,NA,NA,NA,3.7253471427481496e-10
1141,NA,NA,NA,NA,16,4,NA,NA,NA,3.7253471427481496e-10
1142,NA,NA,NA,NA,16,5,NA,NA,NA,3.7253471427481496e-10
1143,NA,NA,NA,NA,16,6,NA,NA,NA,3.7253471427481496e-10
1144,NA,NA,NA,NA,16,7,NA,NA,NA,3.7253471427481496e-10
1145,NA,NA,NA,NA,16,8,NA,NA,NA,3.7253471427481496e-10
1146,NA,NA,NA,NA,16,9,NA,NA,NA,3.7253471427481496e-10
1147,NA,NA,NA,NA,16,10,NA,NA,NA,3.7253471427481496e-10
1148,NA,NA,NA,NA,16,11,NA,NA,NA,3.7253471427481496e-10
1149,NA,NA,NA,NA,16,12,NA,NA,NA,3.7253471427481496e-10
1150,NA,NA,NA,NA,16,13,NA,NA,NA,3.7253471427481496e-10
1151,NA,NA,NA,NA,16,14,NA,NA,NA,3.7253471427481496e-10
1152,NA,NA,NA,NA,16,15,NA,NA,NA,3.7253471427481496e-10
1153,NA,NA,NA,NA,16,16,NA,NA,NA,3.7253471427481496e-10
1154,NA,NA,NA,NA,16,17,NA,NA,NA,3.7253471427481496e-10
1155,NA,NA,NA,NA,16,18,NA,NA,NA,3.7253471427481496e-10
1156,NA,NA,NA,NA,16,19,NA,NA,NA,3.7253471427481496e-10
1157,NA,NA,NA,NA,16,20,NA,NA,NA,4.51E-008
1158,NA,NA,NA,NA,16,21,NA,NA,NA,1.80E-005
1159,NA,NA,NA,NA,16,22,NA,NA,NA,2.72E-004
1160,NA,NA,NA,NA,16,23,NA,NA,NA,8.69E-004
1161,NA,NA,NA,NA,16,24,NA,NA,NA,2.40E-003
1162,NA,NA,NA,NA,16,25,NA,NA,NA,5.00E-003
1163,NA,NA,NA,NA,16,26,NA,NA,NA,1.14E-002
1164,NA,NA,NA,NA,16,27,NA,NA,NA,2.63E-002
1165,NA,NA,NA,NA,16,28,NA,NA,NA,4.97E-002
1166,NA,NA,NA,NA,16,29,NA,NA,NA,7.35E-002
1167,NA,NA,NA,NA,16,30,NA,NA,NA,1.02E-001
1168,NA,NA,NA,NA,16,31,NA,NA,NA,1.25E-001
1169,NA,NA,NA,NA,16,32,NA,NA,NA,1.34E-001
1170,NA,NA,NA,NA,24,-32,NA,NA,NA,8.02E-002
1171,NA,NA,NA,NA,24,-31,NA,NA,NA,4.87E-002
1172,NA,NA,NA,NA,24,-30,NA,NA,NA,2.34E-002
1173,NA,NA,NA,NA,24,-29,NA,NA,NA,9.80E-003
1174,NA,NA,NA,NA,24,-28,NA,NA,NA,3.66E-003
1175,NA,NA,NA,NA,24,-27,NA,NA,NA,9.32E-004
1176,NA,NA,NA,NA,24,-26,NA,NA,NA,2.21E-005
1177,NA,NA,NA,NA,24,-25,NA,NA,NA,2.12E-008
1178,NA,NA,NA,NA,24,-24,NA,NA,NA,3.7253471427481496e-10
1179,NA,NA,NA,NA,24,-23,NA,NA,NA,3.7253471427481496e-10
1180,NA,NA,NA,NA,24,-22,NA,NA,NA,3.7253471427481496e-10
1181,NA,NA,NA,NA,24,-21,NA,NA,NA,3.7253471427481496e-10
1182,NA,NA,NA,NA,24,-20,NA,NA,NA,3.7253471427481496e-10
1183,NA,NA,NA,NA,24,-19,NA,NA,NA,3.7253471427481496e-10
1184,NA,NA,NA,NA,24,-18,NA,NA,NA,3.7253471427481496e-10
1185,NA,NA,NA,NA,24,-17,NA,NA,NA,3.7253471427481496e-10
1186,NA,NA,NA,NA,24,-16,NA,NA,NA,3.7253471427481496e-10
1187,NA,NA,NA,NA,24,-15,NA,NA,NA,3.7253471427481496e-10
1188,NA,NA,NA,NA,24,-14,NA,NA,NA,3.7253471427481496e-10
1189,NA,NA,NA,NA,24,-13,NA,NA,NA,3.7253471427481496e-10
1190,NA,NA,NA,NA,24,-12,NA,NA,NA,3.7253471427481496e-10
1191,NA,NA,NA,NA,24,-11,NA,NA,NA,3.7253471427481496e-10
1192,NA,NA,NA,NA,24,-10,NA,NA,NA,3.7253471427481496e-10
1193,NA,NA,NA,NA,24,-9,NA,NA,NA,3.7253471427481496e-10
1194,NA,NA,NA,NA,24,-8,NA,NA,NA,3.7253471427481496e-10
1195,NA,NA,NA,NA,24,-7,NA,NA,NA,3.7253471427481496e-10
1196,NA,NA,NA,NA,24,-6,NA,NA,NA,3.7253471427481496e-10
1197,NA,NA,NA,NA,24,-5,NA,NA,NA,3.7253471427481496e-10
1198,NA,NA,NA,NA,24,-4,NA,NA,NA,3.7253471427481496e-10
1199,NA,NA,NA,NA,24,-3,NA,NA,NA,3.7253471427481496e-10
1200,NA,NA,NA,NA,24,-2,NA,NA,NA,3.7253471427481496e-10
1201,NA,NA,NA,NA,24,-1,NA,NA,NA,3.7253471427481496e-10
1202,NA,NA,NA,NA,24,0,NA,NA,NA,3.7253471427481496e-10
1203,NA,NA,NA,NA,24,1,NA,NA,NA,3.7253471427481496e-10
1204,NA,NA,NA,NA,24,2,NA,NA,NA,3.7253471427481496e-10
1205,NA,NA,NA,NA,24,3,NA,NA,NA,3.7253471427481496e-10
1206,NA,NA,NA,NA,24,4,NA,NA,NA,3.7253471427481496e-10
1207,NA,NA,NA,NA,24,5,NA,NA,NA,3.7253471427481496e-10
1208,NA,NA,NA,NA,24,6,NA,NA,NA,3.7253471427481496e-10
1209,NA,NA,NA,NA,24,7,NA,NA,NA,3.7253471427481496e-10
1210,NA,NA,NA,NA,24,8,NA,NA,NA,3.7253471427481496e-10
1211,NA,NA,NA,NA,24,9,NA,NA,NA,3.7253471427481496e-10
1212,NA,NA,NA,NA,24,10,NA,NA,NA,3.7253471427481496e-10
1213,NA,NA,NA,NA,24,11,NA,NA,NA,3.7253471427481496e-10
1214,NA,NA,NA,NA,24,12,NA,NA,NA,3.7253471427481496e-10
1215,NA,NA,NA,NA,24,13,NA,NA,NA,3.7253471427481496e-10
1216,NA,NA,NA,NA,24,14,NA,NA,NA,3.7253471427481496e-10
1217,NA,NA,NA,NA,24,15,NA,NA,NA,3.7253471427481496e-10
1218,NA,NA,NA,NA,24,16,NA,NA,NA,3.7253471427481496e-10
1219,NA,NA,NA,NA,24,17,NA,NA,NA,3.7253471427481496e-10
1220,NA,NA,NA,NA,24,18,NA,NA,NA,3.7253471427481496e-10
1221,NA,NA,NA,NA,24,19,NA,NA,NA,3.17E-008
1222,NA,NA,NA,NA,24,20,NA,NA,NA,1.21E-005
1223,NA,NA,NA,NA,24,21,NA,NA,NA,2.01E-004
1224,NA,NA,NA,NA,24,22,NA,NA,NA,7.70E-004
1225,NA,NA,NA,NA,24,23,NA,NA,NA,1.79E-003
1226,NA,NA,NA,NA,24,24,NA,NA,NA,3.96E-003
1227,NA,NA,NA,NA,24,25,NA,NA,NA,7.82E-003
1228,NA,NA,NA,NA,24,26,NA,NA,NA,1.59E-002
1229,NA,NA,NA,NA,24,27,NA,NA,NA,2.93E-002
1230,NA,NA,NA,NA,24,28,NA,NA,NA,5.24E-002
1231,NA,NA,NA,NA,24,29,NA,NA,NA,7.54E-002
1232,NA,NA,NA,NA,24,30,NA,NA,NA,1.01E-001
1233,NA,NA,NA,NA,24,31,NA,NA,NA,1.22E-001
1234,NA,NA,NA,NA,24,32,NA,NA,NA,1.32E-001
1235,NA,NA,NA,NA,32,-32,NA,NA,NA,8.43E-002
1236,NA,NA,NA,NA,32,-31,NA,NA,NA,5.55E-002
1237,NA,NA,NA,NA,32,-30,NA,NA,NA,2.80E-002
1238,NA,NA,NA,NA,32,-29,NA,NA,NA,1.40E-002
1239,NA,NA,NA,NA,32,-28,NA,NA,NA,5.25E-003
1240,NA,NA,NA,NA,32,-27,NA,NA,NA,1.81E-003
1241,NA,NA,NA,NA,32,-26,NA,NA,NA,1.22E-004
1242,NA,NA,NA,NA,32,-25,NA,NA,NA,4.47E-007
1243,NA,NA,NA,NA,32,-24,NA,NA,NA,3.73E-010
1244,NA,NA,NA,NA,32,-23,NA,NA,NA,3.7253471427481496e-10
1245,NA,NA,NA,NA,32,-22,NA,NA,NA,3.7253471427481496e-10
1246,NA,NA,NA,NA,32,-21,NA,NA,NA,3.7253471427481496e-10
1247,NA,NA,NA,NA,32,-20,NA,NA,NA,3.7253471427481496e-10
1248,NA,NA,NA,NA,32,-19,NA,NA,NA,3.7253471427481496e-10
1249,NA,NA,NA,NA,32,-18,NA,NA,NA,3.7253471427481496e-10
1250,NA,NA,NA,NA,32,-17,NA,NA,NA,3.7253471427481496e-10
1251,NA,NA,NA,NA,32,-16,NA,NA,NA,3.7253471427481496e-10
1252,NA,NA,NA,NA,32,-15,NA,NA,NA,3.7253471427481496e-10
1253,NA,NA,NA,NA,32,-14,NA,NA,NA,3.7253471427481496e-10
1254,NA,NA,NA,NA,32,-13,NA,NA,NA,3.7253471427481496e-10
1255,NA,NA,NA,NA,32,-12,NA,NA,NA,3.7253471427481496e-10
1256,NA,NA,NA,NA,32,-11,NA,NA,NA,3.7253471427481496e-10
1257,NA,NA,NA,NA,32,-10,NA,NA,NA,3.7253471427481496e-10
1258,NA,NA,NA,NA,32,-9,NA,NA,NA,3.7253471427481496e-10
1259,NA,NA,NA,NA,32,-8,NA,NA,NA,3.7253471427481496e-10
1260,NA,NA,NA,NA,32,-7,NA,NA,NA,3.7253471427481496e-10
1261,NA,NA,NA,NA,32,-6,NA,NA,NA,3.7253471427481496e-10
1262,NA,NA,NA,NA,32,-5,NA,NA,NA,3.7253471427481496e-10
1263,NA,NA,NA,NA,32,-4,NA,NA,NA,3.7253471427481496e-10
1264,NA,NA,NA,NA,32,-3,NA,NA,NA,3.7253471427481496e-10
1265,NA,NA,NA,NA,32,-2,NA,NA,NA,3.7253471427481496e-10
1266,NA,NA,NA,NA,32,-1,NA,NA,NA,3.7253471427481496e-10
1267,NA,NA,NA,NA,32,0,NA,NA,NA,3.7253471427481496e-10
1268,NA,NA,NA,NA,32,1,NA,NA,NA,3.7253471427481496e-10
1269,NA,NA,NA,NA,32,2,NA,NA,NA,3.7253471427481496e-10
1270,NA,NA,NA,NA,32,3,NA,NA,NA,3.7253471427481496e-10
1271,NA,NA,NA,NA,32,4,NA,NA,NA,3.7253471427481496e-10
1272,NA,NA,NA,NA,32,5,NA,NA,NA,3.7253471427481496e-10
1273,NA,NA,NA,NA,32,6,NA,NA,NA,3.7253471427481496e-10
1274,NA,NA,NA,NA,32,7,NA,NA,NA,3.7253471427481496e-10
1275,NA,NA,NA,NA,32,8,NA,NA,NA,3.7253471427481496e-10
1276,NA,NA,NA,NA,32,9,NA,NA,NA,3.7253471427481496e-10
1277,NA,NA,NA,NA,32,10,NA,NA,NA,3.7253471427481496e-10
1278,NA,NA,NA,NA,32,11,NA,NA,NA,3.7253471427481496e-10
1279,NA,NA,NA,NA,32,12,NA,NA,NA,3.7253471427481496e-10
1280,NA,NA,NA,NA,32,13,NA,NA,NA,3.7253471427481496e-10
1281,NA,NA,NA,NA,32,14,NA,NA,NA,3.7253471427481496e-10
1282,NA,NA,NA,NA,32,15,NA,NA,NA,3.7253471427481496e-10
1283,NA,NA,NA,NA,32,16,NA,NA,NA,3.7253471427481496e-10
1284,NA,NA,NA,NA,32,17,NA,NA,NA,3.7253471427481496e-10
1285,NA,NA,NA,NA,32,18,NA,NA,NA,1.90E-008
1286,NA,NA,NA,NA,32,19,NA,NA,NA,8.71E-006
1287,NA,NA,NA,NA,32,20,NA,NA,NA,1.31E-004
1288,NA,NA,NA,NA,32,21,NA,NA,NA,6.41E-004
1289,NA,NA,NA,NA,32,22,NA,NA,NA,1.71E-003
1290,NA,NA,NA,NA,32,23,NA,NA,NA,3.33E-003
1291,NA,NA,NA,NA,32,24,NA,NA,NA,6.82E-003
1292,NA,NA,NA,NA,32,25,NA,NA,NA,1.24E-002
1293,NA,NA,NA,NA,32,26,NA,NA,NA,2.25E-002
1294,NA,NA,NA,NA,32,27,NA,NA,NA,3.43E-002
1295,NA,NA,NA,NA,32,28,NA,NA,NA,5.65E-002
1296,NA,NA,NA,NA,32,29,NA,NA,NA,7.65E-002
1297,NA,NA,NA,NA,32,30,NA,NA,NA,9.99E-002
1298,NA,NA,NA,NA,32,31,NA,NA,NA,1.18E-001
1299,NA,NA,NA,NA,32,32,NA,NA,NA,1.29E-001
1300,NA,NA,NA,NA,40,-32,NA,NA,NA,9.00E-002
1301,NA,NA,NA,NA,40,-31,NA,NA,NA,6.51E-002
1302,NA,NA,NA,NA,40,-30,NA,NA,NA,3.61E-002
1303,NA,NA,NA,NA,40,-29,NA,NA,NA,2.02E-002
1304,NA,NA,NA,NA,40,-28,NA,NA,NA,7.47E-003
1305,NA,NA,NA,NA,40,-27,NA,NA,NA,3.00E-003
1306,NA,NA,NA,NA,40,-26,NA,NA,NA,4.64E-004
1307,NA,NA,NA,NA,40,-25,NA,NA,NA,7.77E-006
1308,NA,NA,NA,NA,40,-24,NA,NA,NA,1.04E-008
1309,NA,NA,NA,NA,40,-23,NA,NA,NA,3.7253471427481496e-10
1310,NA,NA,NA,NA,40,-22,NA,NA,NA,3.7253471427481496e-10
1311,NA,NA,NA,NA,40,-21,NA,NA,NA,3.7253471427481496e-10
1312,NA,NA,NA,NA,40,-20,NA,NA,NA,3.7253471427481496e-10
1313,NA,NA,NA,NA,40,-19,NA,NA,NA,3.7253471427481496e-10
1314,NA,NA,NA,NA,40,-18,NA,NA,NA,3.7253471427481496e-10
1315,NA,NA,NA,NA,40,-17,NA,NA,NA,3.7253471427481496e-10
1316,NA,NA,NA,NA,40,-16,NA,NA,NA,3.7253471427481496e-10
1317,NA,NA,NA,NA,40,-15,NA,NA,NA,3.7253471427481496e-10
1318,NA,NA,NA,NA,40,-14,NA,NA,NA,3.7253471427481496e-10
1319,NA,NA,NA,NA,40,-13,NA,NA,NA,3.7253471427481496e-10
1320,NA,NA,NA,NA,40,-12,NA,NA,NA,3.7253471427481496e-10
1321,NA,NA,NA,NA,40,-11,NA,NA,NA,3.7253471427481496e-10
1322,NA,NA,NA,NA,40,-10,NA,NA,NA,3.7253471427481496e-10
1323,NA,NA,NA,NA,40,-9,NA,NA,NA,3.7253471427481496e-10
1324,NA,NA,NA,NA,40,-8,NA,NA,NA,3.7253471427481496e-10
1325,NA,NA,NA,NA,40,-7,NA,NA,NA,3.7253471427481496e-10
1326,NA,NA,NA,NA,40,-6,NA,NA,NA,3.7253471427481496e-10
1327,NA,NA,NA,NA,40,-5,NA,NA,NA,3.7253471427481496e-10
1328,NA,NA,NA,NA,40,-4,NA,NA,NA,3.7253471427481496e-10
1329,NA,NA,NA,NA,40,-3,NA,NA,NA,3.7253471427481496e-10
1330,NA,NA,NA,NA,40,-2,NA,NA,NA,3.7253471427481496e-10
1331,NA,NA,NA,NA,40,-1,NA,NA,NA,3.7253471427481496e-10
1332,NA,NA,NA,NA,40,0,NA,NA,NA,3.7253471427481496e-10
1333,NA,NA,NA,NA,40,1,NA,NA,NA,3.7253471427481496e-10
1334,NA,NA,NA,NA,40,2,NA,NA,NA,3.7253471427481496e-10
1335,NA,NA,NA,NA,40,3,NA,NA,NA,3.7253471427481496e-10
1336,NA,NA,NA,NA,40,4,NA,NA,NA,3.7253471427481496e-10
1337,NA,NA,NA,NA,40,5,NA,NA,NA,3.7253471427481496e-10
1338,NA,NA,NA,NA,40,6,NA,NA,NA,3.7253471427481496e-10
1339,NA,NA,NA,NA,40,7,NA,NA,NA,3.7253471427481496e-10
1340,NA,NA,NA,NA,40,8,NA,NA,NA,3.7253471427481496e-10
1341,NA,NA,NA,NA,40,9,NA,NA,NA,3.7253471427481496e-10
1342,NA,NA,NA,NA,40,10,NA,NA,NA,3.7253471427481496e-10
1343,NA,NA,NA,NA,40,11,NA,NA,NA,3.7253471427481496e-10
1344,NA,NA,NA,NA,40,12,NA,NA,NA,3.7253471427481496e-10
1345,NA,NA,NA,NA,40,13,NA,NA,NA,3.7253471427481496e-10
1346,NA,NA,NA,NA,40,14,NA,NA,NA,3.7253471427481496e-10
1347,NA,NA,NA,NA,40,15,NA,NA,NA,3.7253471427481496e-10
1348,NA,NA,NA,NA,40,16,NA,NA,NA,3.7253471427481496e-10
1349,NA,NA,NA,NA,40,17,NA,NA,NA,5.22E-009
1350,NA,NA,NA,NA,40,18,NA,NA,NA,6.72E-006
1351,NA,NA,NA,NA,40,19,NA,NA,NA,2.94E-004
1352,NA,NA,NA,NA,40,20,NA,NA,NA,6.47E-004
1353,NA,NA,NA,NA,40,21,NA,NA,NA,1.60E-003
1354,NA,NA,NA,NA,40,22,NA,NA,NA,3.45E-003
1355,NA,NA,NA,NA,40,23,NA,NA,NA,7.04E-003
1356,NA,NA,NA,NA,40,24,NA,NA,NA,1.29E-002
1357,NA,NA,NA,NA,40,25,NA,NA,NA,2.07E-002
1358,NA,NA,NA,NA,40,26,NA,NA,NA,3.12E-002
1359,NA,NA,NA,NA,40,27,NA,NA,NA,4.36E-002
1360,NA,NA,NA,NA,40,28,NA,NA,NA,6.01E-002
1361,NA,NA,NA,NA,40,29,NA,NA,NA,7.57E-002
1362,NA,NA,NA,NA,40,30,NA,NA,NA,9.72E-002
1363,NA,NA,NA,NA,40,31,NA,NA,NA,1.13E-001
1364,NA,NA,NA,NA,40,32,NA,NA,NA,1.25E-001
1365,NA,NA,NA,NA,48,-32,NA,NA,NA,9.35E-002
1366,NA,NA,NA,NA,48,-31,NA,NA,NA,7.51E-002
1367,NA,NA,NA,NA,48,-30,NA,NA,NA,4.63E-002
1368,NA,NA,NA,NA,48,-29,NA,NA,NA,2.70E-002
1369,NA,NA,NA,NA,48,-28,NA,NA,NA,1.10E-002
1370,NA,NA,NA,NA,48,-27,NA,NA,NA,4.62E-003
1371,NA,NA,NA,NA,48,-26,NA,NA,NA,1.26E-003
1372,NA,NA,NA,NA,48,-25,NA,NA,NA,5.89E-005
1373,NA,NA,NA,NA,48,-24,NA,NA,NA,3.00E-007
1374,NA,NA,NA,NA,48,-23,NA,NA,NA,3.73E-010
1375,NA,NA,NA,NA,48,-22,NA,NA,NA,3.7253471427481496e-10
1376,NA,NA,NA,NA,48,-21,NA,NA,NA,3.7253471427481496e-10
1377,NA,NA,NA,NA,48,-20,NA,NA,NA,3.7253471427481496e-10
1378,NA,NA,NA,NA,48,-19,NA,NA,NA,3.7253471427481496e-10
1379,NA,NA,NA,NA,48,-18,NA,NA,NA,3.7253471427481496e-10
1380,NA,NA,NA,NA,48,-17,NA,NA,NA,3.7253471427481496e-10
1381,NA,NA,NA,NA,48,-16,NA,NA,NA,3.7253471427481496e-10
1382,NA,NA,NA,NA,48,-15,NA,NA,NA,3.7253471427481496e-10
1383,NA,NA,NA,NA,48,-14,NA,NA,NA,3.7253471427481496e-10
1384,NA,NA,NA,NA,48,-13,NA,NA,NA,3.7253471427481496e-10
1385,NA,NA,NA,NA,48,-12,NA,NA,NA,3.7253471427481496e-10
1386,NA,NA,NA,NA,48,-11,NA,NA,NA,3.7253471427481496e-10
1387,NA,NA,NA,NA,48,-10,NA,NA,NA,3.7253471427481496e-10
1388,NA,NA,NA,NA,48,-9,NA,NA,NA,3.7253471427481496e-10
1389,NA,NA,NA,NA,48,-8,NA,NA,NA,3.7253471427481496e-10
1390,NA,NA,NA,NA,48,-7,NA,NA,NA,3.7253471427481496e-10
1391,NA,NA,NA,NA,48,-6,NA,NA,NA,3.7253471427481496e-10
1392,NA,NA,NA,NA,48,-5,NA,NA,NA,3.7253471427481496e-10
1393,NA,NA,NA,NA,48,-4,NA,NA,NA,3.7253471427481496e-10
1394,NA,NA,NA,NA,48,-3,NA,NA,NA,3.7253471427481496e-10
1395,NA,NA,NA,NA,48,-2,NA,NA,NA,3.7253471427481496e-10
1396,NA,NA,NA,NA,48,-1,NA,NA,NA,3.7253471427481496e-10
1397,NA,NA,NA,NA,48,0,NA,NA,NA,3.7253471427481496e-10
1398,NA,NA,NA,NA,48,1,NA,NA,NA,3.7253471427481496e-10
1399,NA,NA,NA,NA,48,2,NA,NA,NA,3.7253471427481496e-10
1400,NA,NA,NA,NA,48,3,NA,NA,NA,3.7253471427481496e-10
1401,NA,NA,NA,NA,48,4,NA,NA,NA,3.7253471427481496e-10
1402,NA,NA,NA,NA,48,5,NA,NA,NA,3.7253471427481496e-10
1403,NA,NA,NA,NA,48,6,NA,NA,NA,3.7253471427481496e-10
1404,NA,NA,NA,NA,48,7,NA,NA,NA,3.7253471427481496e-10
1405,NA,NA,NA,NA,48,8,NA,NA,NA,3.7253471427481496e-10
1406,NA,NA,NA,NA,48,9,NA,NA,NA,3.7253471427481496e-10
1407,NA,NA,NA,NA,48,10,NA,NA,NA,3.7253471427481496e-10
1408,NA,NA,NA,NA,48,11,NA,NA,NA,3.7253471427481496e-10
1409,NA,NA,NA,NA,48,12,NA,NA,NA,3.7253471427481496e-10
1410,NA,NA,NA,NA,48,13,NA,NA,NA,3.7253471427481496e-10
1411,NA,NA,NA,NA,48,14,NA,NA,NA,3.7253471427481496e-10
1412,NA,NA,NA,NA,48,15,NA,NA,NA,3.7253471427481496e-10
1413,NA,NA,NA,NA,48,16,NA,NA,NA,5.63E-008
1414,NA,NA,NA,NA,48,17,NA,NA,NA,1.16E-005
1415,NA,NA,NA,NA,48,18,NA,NA,NA,2.68E-004
1416,NA,NA,NA,NA,48,19,NA,NA,NA,9.71E-004
1417,NA,NA,NA,NA,48,20,NA,NA,NA,1.95E-003
1418,NA,NA,NA,NA,48,21,NA,NA,NA,4.13E-003
1419,NA,NA,NA,NA,48,22,NA,NA,NA,8.20E-003
1420,NA,NA,NA,NA,48,23,NA,NA,NA,1.49E-002
1421,NA,NA,NA,NA,48,24,NA,NA,NA,2.23E-002
1422,NA,NA,NA,NA,48,25,NA,NA,NA,3.16E-002
1423,NA,NA,NA,NA,48,26,NA,NA,NA,4.22E-002
1424,NA,NA,NA,NA,48,27,NA,NA,NA,5.39E-002
1425,NA,NA,NA,NA,48,28,NA,NA,NA,6.29E-002
1426,NA,NA,NA,NA,48,29,NA,NA,NA,7.44E-002
1427,NA,NA,NA,NA,48,30,NA,NA,NA,9.22E-002
1428,NA,NA,NA,NA,48,31,NA,NA,NA,1.07E-001
1429,NA,NA,NA,NA,48,32,NA,NA,NA,1.19E-001
1430,NA,NA,NA,NA,56,-32,NA,NA,NA,1.00E-001
1431,NA,NA,NA,NA,56,-31,NA,NA,NA,8.37E-002
1432,NA,NA,NA,NA,56,-30,NA,NA,NA,5.79E-002
1433,NA,NA,NA,NA,56,-29,NA,NA,NA,3.46E-002
1434,NA,NA,NA,NA,56,-28,NA,NA,NA,1.67E-002
1435,NA,NA,NA,NA,56,-27,NA,NA,NA,7.08E-003
1436,NA,NA,NA,NA,56,-26,NA,NA,NA,2.33E-003
1437,NA,NA,NA,NA,56,-25,NA,NA,NA,3.03E-004
1438,NA,NA,NA,NA,56,-24,NA,NA,NA,4.79E-006
1439,NA,NA,NA,NA,56,-23,NA,NA,NA,2.61E-009
1440,NA,NA,NA,NA,56,-22,NA,NA,NA,3.7253471427481496e-10
1441,NA,NA,NA,NA,56,-21,NA,NA,NA,3.7253471427481496e-10
1442,NA,NA,NA,NA,56,-20,NA,NA,NA,3.7253471427481496e-10
1443,NA,NA,NA,NA,56,-19,NA,NA,NA,3.7253471427481496e-10
1444,NA,NA,NA,NA,56,-18,NA,NA,NA,3.7253471427481496e-10
1445,NA,NA,NA,NA,56,-17,NA,NA,NA,3.7253471427481496e-10
1446,NA,NA,NA,NA,56,-16,NA,NA,NA,3.7253471427481496e-10
1447,NA,NA,NA,NA,56,-15,NA,NA,NA,3.7253471427481496e-10
1448,NA,NA,NA,NA,56,-14,NA,NA,NA,3.7253471427481496e-10
1449,NA,NA,NA,NA,56,-13,NA,NA,NA,3.7253471427481496e-10
1450,NA,NA,NA,NA,56,-12,NA,NA,NA,3.7253471427481496e-10
1451,NA,NA,NA,NA,56,-11,NA,NA,NA,3.7253471427481496e-10
1452,NA,NA,NA,NA,56,-10,NA,NA,NA,3.7253471427481496e-10
1453,NA,NA,NA,NA,56,-9,NA,NA,NA,3.7253471427481496e-10
1454,NA,NA,NA,NA,56,-8,NA,NA,NA,3.7253471427481496e-10
1455,NA,NA,NA,NA,56,-7,NA,NA,NA,3.7253471427481496e-10
1456,NA,NA,NA,NA,56,-6,NA,NA,NA,3.7253471427481496e-10
1457,NA,NA,NA,NA,56,-5,NA,NA,NA,3.7253471427481496e-10
1458,NA,NA,NA,NA,56,-4,NA,NA,NA,3.7253471427481496e-10
1459,NA,NA,NA,NA,56,-3,NA,NA,NA,3.7253471427481496e-10
1460,NA,NA,NA,NA,56,-2,NA,NA,NA,3.7253471427481496e-10
1461,NA,NA,NA,NA,56,-1,NA,NA,NA,3.7253471427481496e-10
1462,NA,NA,NA,NA,56,0,NA,NA,NA,3.7253471427481496e-10
1463,NA,NA,NA,NA,56,1,NA,NA,NA,3.7253471427481496e-10
1464,NA,NA,NA,NA,56,2,NA,NA,NA,3.7253471427481496e-10
1465,NA,NA,NA,NA,56,3,NA,NA,NA,3.7253471427481496e-10
1466,NA,NA,NA,NA,56,4,NA,NA,NA,3.7253471427481496e-10
1467,NA,NA,NA,NA,56,5,NA,NA,NA,3.7253471427481496e-10
1468,NA,NA,NA,NA,56,6,NA,NA,NA,3.7253471427481496e-10
1469,NA,NA,NA,NA,56,7,NA,NA,NA,3.7253471427481496e-10
1470,NA,NA,NA,NA,56,8,NA,NA,NA,3.7253471427481496e-10
1471,NA,NA,NA,NA,56,9,NA,NA,NA,3.7253471427481496e-10
1472,NA,NA,NA,NA,56,10,NA,NA,NA,3.7253471427481496e-10
1473,NA,NA,NA,NA,56,11,NA,NA,NA,3.7253471427481496e-10
1474,NA,NA,NA,NA,56,12,NA,NA,NA,3.7253471427481496e-10
1475,NA,NA,NA,NA,56,13,NA,NA,NA,3.7253471427481496e-10
1476,NA,NA,NA,NA,56,14,NA,NA,NA,1.86E-009
1477,NA,NA,NA,NA,56,15,NA,NA,NA,1.01E-006
1478,NA,NA,NA,NA,56,16,NA,NA,NA,9.12E-005
1479,NA,NA,NA,NA,56,17,NA,NA,NA,4.68E-004
1480,NA,NA,NA,NA,56,18,NA,NA,NA,1.15E-003
1481,NA,NA,NA,NA,56,19,NA,NA,NA,3.13E-003
1482,NA,NA,NA,NA,56,20,NA,NA,NA,5.94E-003
1483,NA,NA,NA,NA,56,21,NA,NA,NA,1.11E-002
1484,NA,NA,NA,NA,56,22,NA,NA,NA,1.82E-002
1485,NA,NA,NA,NA,56,23,NA,NA,NA,2.62E-002
1486,NA,NA,NA,NA,56,24,NA,NA,NA,3.47E-002
1487,NA,NA,NA,NA,56,25,NA,NA,NA,4.52E-002
1488,NA,NA,NA,NA,56,26,NA,NA,NA,5.43E-002
1489,NA,NA,NA,NA,56,27,NA,NA,NA,6.07E-002
1490,NA,NA,NA,NA,56,28,NA,NA,NA,6.73E-002
1491,NA,NA,NA,NA,56,29,NA,NA,NA,7.24E-002
1492,NA,NA,NA,NA,56,30,NA,NA,NA,8.72E-002
1493,NA,NA,NA,NA,56,31,NA,NA,NA,1.02E-001
1494,NA,NA,NA,NA,56,32,NA,NA,NA,1.14E-001
1495,NA,NA,NA,NA,64,-32,NA,NA,NA,1.06E-001
1496,NA,NA,NA,NA,64,-31,NA,NA,NA,9.05E-002
1497,NA,NA,NA,NA,64,-30,NA,NA,NA,6.62E-002
1498,NA,NA,NA,NA,64,-29,NA,NA,NA,4.14E-002
1499,NA,NA,NA,NA,64,-28,NA,NA,NA,2.17E-002
1500,NA,NA,NA,NA,64,-27,NA,NA,NA,9.66E-003
1501,NA,NA,NA,NA,64,-26,NA,NA,NA,3.52E-003
1502,NA,NA,NA,NA,64,-25,NA,NA,NA,7.52E-004
1503,NA,NA,NA,NA,64,-24,NA,NA,NA,2.92E-005
1504,NA,NA,NA,NA,64,-23,NA,NA,NA,5.89E-008
1505,NA,NA,NA,NA,64,-22,NA,NA,NA,3.73E-010
1506,NA,NA,NA,NA,64,-21,NA,NA,NA,3.7253471427481496e-10
1507,NA,NA,NA,NA,64,-20,NA,NA,NA,3.7253471427481496e-10
1508,NA,NA,NA,NA,64,-19,NA,NA,NA,3.7253471427481496e-10
1509,NA,NA,NA,NA,64,-18,NA,NA,NA,3.7253471427481496e-10
1510,NA,NA,NA,NA,64,-17,NA,NA,NA,3.7253471427481496e-10
1511,NA,NA,NA,NA,64,-16,NA,NA,NA,3.7253471427481496e-10
1512,NA,NA,NA,NA,64,-15,NA,NA,NA,3.7253471427481496e-10
1513,NA,NA,NA,NA,64,-14,NA,NA,NA,3.7253471427481496e-10
1514,NA,NA,NA,NA,64,-13,NA,NA,NA,3.7253471427481496e-10
1515,NA,NA,NA,NA,64,-12,NA,NA,NA,3.7253471427481496e-10
1516,NA,NA,NA,NA,64,-11,NA,NA,NA,3.7253471427481496e-10
1517,NA,NA,NA,NA,64,-10,NA,NA,NA,3.7253471427481496e-10
1518,NA,NA,NA,NA,64,-9,NA,NA,NA,3.7253471427481496e-10
1519,NA,NA,NA,NA,64,-8,NA,NA,NA,3.7253471427481496e-10
1520,NA,NA,NA,NA,64,-7,NA,NA,NA,3.7253471427481496e-10
1521,NA,NA,NA,NA,64,-6,NA,NA,NA,3.7253471427481496e-10
1522,NA,NA,NA,NA,64,-5,NA,NA,NA,3.7253471427481496e-10
1523,NA,NA,NA,NA,64,-4,NA,NA,NA,3.7253471427481496e-10
1524,NA,NA,NA,NA,64,-3,NA,NA,NA,3.7253471427481496e-10
1525,NA,NA,NA,NA,64,-2,NA,NA,NA,3.7253471427481496e-10
1526,NA,NA,NA,NA,64,-1,NA,NA,NA,3.7253471427481496e-10
1527,NA,NA,NA,NA,64,0,NA,NA,NA,3.7253471427481496e-10
1528,NA,NA,NA,NA,64,1,NA,NA,NA,3.7253471427481496e-10
1529,NA,NA,NA,NA,64,2,NA,NA,NA,3.7253471427481496e-10
1530,NA,NA,NA,NA,64,3,NA,NA,NA,3.7253471427481496e-10
1531,NA,NA,NA,NA,64,4,NA,NA,NA,3.7253471427481496e-10
1532,NA,NA,NA,NA,64,5,NA,NA,NA,3.7253471427481496e-10
1533,NA,NA,NA,NA,64,6,NA,NA,NA,3.7253471427481496e-10
1534,NA,NA,NA,NA,64,7,NA,NA,NA,3.7253471427481496e-10
1535,NA,NA,NA,NA,64,8,NA,NA,NA,3.7253471427481496e-10
1536,NA,NA,NA,NA,64,9,NA,NA,NA,3.7253471427481496e-10
1537,NA,NA,NA,NA,64,10,NA,NA,NA,3.7253471427481496e-10
1538,NA,NA,NA,NA,64,11,NA,NA,NA,3.7253471427481496e-10
1539,NA,NA,NA,NA,64,12,NA,NA,NA,3.7253471427481496e-10
1540,NA,NA,NA,NA,64,13,NA,NA,NA,1.38E-008
1541,NA,NA,NA,NA,64,14,NA,NA,NA,7.53E-006
1542,NA,NA,NA,NA,64,15,NA,NA,NA,1.58E-004
1543,NA,NA,NA,NA,64,16,NA,NA,NA,7.07E-004
1544,NA,NA,NA,NA,64,17,NA,NA,NA,1.52E-003
1545,NA,NA,NA,NA,64,18,NA,NA,NA,3.52E-003
1546,NA,NA,NA,NA,64,19,NA,NA,NA,8.21E-003
1547,NA,NA,NA,NA,64,20,NA,NA,NA,1.32E-002
1548,NA,NA,NA,NA,64,21,NA,NA,NA,1.98E-002
1549,NA,NA,NA,NA,64,22,NA,NA,NA,2.80E-002
1550,NA,NA,NA,NA,64,23,NA,NA,NA,3.81E-002
1551,NA,NA,NA,NA,64,24,NA,NA,NA,4.76E-002
1552,NA,NA,NA,NA,64,25,NA,NA,NA,5.52E-002
1553,NA,NA,NA,NA,64,26,NA,NA,NA,6.05E-002
1554,NA,NA,NA,NA,64,27,NA,NA,NA,6.54E-002
1555,NA,NA,NA,NA,64,28,NA,NA,NA,6.87E-002
1556,NA,NA,NA,NA,64,29,NA,NA,NA,7.12E-002
1557,NA,NA,NA,NA,64,30,NA,NA,NA,8.31E-002
1558,NA,NA,NA,NA,64,31,NA,NA,NA,9.67E-002
1559,NA,NA,NA,NA,64,32,NA,NA,NA,1.09E-001
1560,NA,NA,NA,NA,72,-32,NA,NA,NA,1.13E-001
1561,NA,NA,NA,NA,72,-31,NA,NA,NA,9.79E-002
1562,NA,NA,NA,NA,72,-30,NA,NA,NA,7.62E-002
1563,NA,NA,NA,NA,72,-29,NA,NA,NA,5.22E-002
1564,NA,NA,NA,NA,72,-28,NA,NA,NA,2.69E-002
1565,NA,NA,NA,NA,72,-27,NA,NA,NA,1.43E-002
1566,NA,NA,NA,NA,72,-26,NA,NA,NA,5.58E-003
1567,NA,NA,NA,NA,72,-25,NA,NA,NA,1.77E-003
1568,NA,NA,NA,NA,72,-24,NA,NA,NA,1.88E-004
1569,NA,NA,NA,NA,72,-23,NA,NA,NA,1.18E-006
1570,NA,NA,NA,NA,72,-22,NA,NA,NA,1.12E-009
1571,NA,NA,NA,NA,72,-21,NA,NA,NA,3.7253471427481496e-10
1572,NA,NA,NA,NA,72,-20,NA,NA,NA,3.7253471427481496e-10
1573,NA,NA,NA,NA,72,-19,NA,NA,NA,3.7253471427481496e-10
1574,NA,NA,NA,NA,72,-18,NA,NA,NA,3.7253471427481496e-10
1575,NA,NA,NA,NA,72,-17,NA,NA,NA,3.7253471427481496e-10
1576,NA,NA,NA,NA,72,-16,NA,NA,NA,3.7253471427481496e-10
1577,NA,NA,NA,NA,72,-15,NA,NA,NA,3.7253471427481496e-10
1578,NA,NA,NA,NA,72,-14,NA,NA,NA,3.7253471427481496e-10
1579,NA,NA,NA,NA,72,-13,NA,NA,NA,3.7253471427481496e-10
1580,NA,NA,NA,NA,72,-12,NA,NA,NA,3.7253471427481496e-10
1581,NA,NA,NA,NA,72,-11,NA,NA,NA,3.7253471427481496e-10
1582,NA,NA,NA,NA,72,-10,NA,NA,NA,3.7253471427481496e-10
1583,NA,NA,NA,NA,72,-9,NA,NA,NA,3.7253471427481496e-10
1584,NA,NA,NA,NA,72,-8,NA,NA,NA,3.7253471427481496e-10
1585,NA,NA,NA,NA,72,-7,NA,NA,NA,3.7253471427481496e-10
1586,NA,NA,NA,NA,72,-6,NA,NA,NA,3.7253471427481496e-10
1587,NA,NA,NA,NA,72,-5,NA,NA,NA,3.7253471427481496e-10
1588,NA,NA,NA,NA,72,-4,NA,NA,NA,3.7253471427481496e-10
1589,NA,NA,NA,NA,72,-3,NA,NA,NA,3.7253471427481496e-10
1590,NA,NA,NA,NA,72,-2,NA,NA,NA,3.7253471427481496e-10
1591,NA,NA,NA,NA,72,-1,NA,NA,NA,3.7253471427481496e-10
1592,NA,NA,NA,NA,72,0,NA,NA,NA,3.7253471427481496e-10
1593,NA,NA,NA,NA,72,1,NA,NA,NA,3.7253471427481496e-10
1594,NA,NA,NA,NA,72,2,NA,NA,NA,3.7253471427481496e-10
1595,NA,NA,NA,NA,72,3,NA,NA,NA,3.7253471427481496e-10
1596,NA,NA,NA,NA,72,4,NA,NA,NA,3.7253471427481496e-10
1597,NA,NA,NA,NA,72,5,NA,NA,NA,3.7253471427481496e-10
1598,NA,NA,NA,NA,72,6,NA,NA,NA,3.7253471427481496e-10
1599,NA,NA,NA,NA,72,7,NA,NA,NA,3.7253471427481496e-10
1600,NA,NA,NA,NA,72,8,NA,NA,NA,3.7253471427481496e-10
1601,NA,NA,NA,NA,72,9,NA,NA,NA,3.7253471427481496e-10
1602,NA,NA,NA,NA,72,10,NA,NA,NA,3.7253471427481496e-10
1603,NA,NA,NA,NA,72,11,NA,NA,NA,3.7253471427481496e-10
1604,NA,NA,NA,NA,72,12,NA,NA,NA,3.22E-006
1605,NA,NA,NA,NA,72,13,NA,NA,NA,1.25E-004
1606,NA,NA,NA,NA,72,14,NA,NA,NA,5.98E-004
1607,NA,NA,NA,NA,72,15,NA,NA,NA,1.25E-003
1608,NA,NA,NA,NA,72,16,NA,NA,NA,3.37E-003
1609,NA,NA,NA,NA,72,17,NA,NA,NA,6.87E-003
1610,NA,NA,NA,NA,72,18,NA,NA,NA,1.22E-002
1611,NA,NA,NA,NA,72,19,NA,NA,NA,1.93E-002
1612,NA,NA,NA,NA,72,20,NA,NA,NA,2.54E-002
1613,NA,NA,NA,NA,72,21,NA,NA,NA,3.48E-002
1614,NA,NA,NA,NA,72,22,NA,NA,NA,4.38E-002
1615,NA,NA,NA,NA,72,23,NA,NA,NA,5.18E-002
1616,NA,NA,NA,NA,72,24,NA,NA,NA,5.76E-002
1617,NA,NA,NA,NA,72,25,NA,NA,NA,6.26E-002
1618,NA,NA,NA,NA,72,26,NA,NA,NA,6.61E-002
1619,NA,NA,NA,NA,72,27,NA,NA,NA,6.80E-002
1620,NA,NA,NA,NA,72,28,NA,NA,NA,6.90E-002
1621,NA,NA,NA,NA,72,29,NA,NA,NA,7.01E-002
1622,NA,NA,NA,NA,72,30,NA,NA,NA,7.81E-002
1623,NA,NA,NA,NA,72,31,NA,NA,NA,9.13E-002
1624,NA,NA,NA,NA,72,32,NA,NA,NA,1.04E-001
1625,NA,NA,NA,NA,80,-32,NA,NA,NA,1.18E-001
1626,NA,NA,NA,NA,80,-31,NA,NA,NA,1.04E-001
1627,NA,NA,NA,NA,80,-30,NA,NA,NA,8.32E-002
1628,NA,NA,NA,NA,80,-29,NA,NA,NA,6.03E-002
1629,NA,NA,NA,NA,80,-28,NA,NA,NA,3.42E-002
1630,NA,NA,NA,NA,80,-27,NA,NA,NA,1.90E-002
1631,NA,NA,NA,NA,80,-26,NA,NA,NA,7.93E-003
1632,NA,NA,NA,NA,80,-25,NA,NA,NA,2.95E-003
1633,NA,NA,NA,NA,80,-24,NA,NA,NA,6.11E-004
1634,NA,NA,NA,NA,80,-23,NA,NA,NA,9.63E-006
1635,NA,NA,NA,NA,80,-22,NA,NA,NA,2.38E-008
1636,NA,NA,NA,NA,80,-21,NA,NA,NA,3.7253471427481496e-10
1637,NA,NA,NA,NA,80,-20,NA,NA,NA,3.7253471427481496e-10
1638,NA,NA,NA,NA,80,-19,NA,NA,NA,3.7253471427481496e-10
1639,NA,NA,NA,NA,80,-18,NA,NA,NA,3.7253471427481496e-10
1640,NA,NA,NA,NA,80,-17,NA,NA,NA,3.7253471427481496e-10
1641,NA,NA,NA,NA,80,-16,NA,NA,NA,3.7253471427481496e-10
1642,NA,NA,NA,NA,80,-15,NA,NA,NA,3.7253471427481496e-10
1643,NA,NA,NA,NA,80,-14,NA,NA,NA,3.7253471427481496e-10
1644,NA,NA,NA,NA,80,-13,NA,NA,NA,3.7253471427481496e-10
1645,NA,NA,NA,NA,80,-12,NA,NA,NA,3.7253471427481496e-10
1646,NA,NA,NA,NA,80,-11,NA,NA,NA,3.7253471427481496e-10
1647,NA,NA,NA,NA,80,-10,NA,NA,NA,3.7253471427481496e-10
1648,NA,NA,NA,NA,80,-9,NA,NA,NA,3.7253471427481496e-10
1649,NA,NA,NA,NA,80,-8,NA,NA,NA,3.7253471427481496e-10
1650,NA,NA,NA,NA,80,-7,NA,NA,NA,3.7253471427481496e-10
1651,NA,NA,NA,NA,80,-6,NA,NA,NA,3.7253471427481496e-10
1652,NA,NA,NA,NA,80,-5,NA,NA,NA,3.7253471427481496e-10
1653,NA,NA,NA,NA,80,-4,NA,NA,NA,3.7253471427481496e-10
1654,NA,NA,NA,NA,80,-3,NA,NA,NA,3.7253471427481496e-10
1655,NA,NA,NA,NA,80,-2,NA,NA,NA,3.7253471427481496e-10
1656,NA,NA,NA,NA,80,-1,NA,NA,NA,3.7253471427481496e-10
1657,NA,NA,NA,NA,80,0,NA,NA,NA,3.7253471427481496e-10
1658,NA,NA,NA,NA,80,1,NA,NA,NA,3.7253471427481496e-10
1659,NA,NA,NA,NA,80,2,NA,NA,NA,3.7253471427481496e-10
1660,NA,NA,NA,NA,80,3,NA,NA,NA,3.7253471427481496e-10
1661,NA,NA,NA,NA,80,4,NA,NA,NA,3.7253471427481496e-10
1662,NA,NA,NA,NA,80,5,NA,NA,NA,3.7253471427481496e-10
1663,NA,NA,NA,NA,80,6,NA,NA,NA,3.7253471427481496e-10
1664,NA,NA,NA,NA,80,7,NA,NA,NA,3.7253471427481496e-10
1665,NA,NA,NA,NA,80,8,NA,NA,NA,3.7253471427481496e-10
1666,NA,NA,NA,NA,80,9,NA,NA,NA,3.7253471427481496e-10
1667,NA,NA,NA,NA,80,10,NA,NA,NA,6.33E-009
1668,NA,NA,NA,NA,80,11,NA,NA,NA,1.01E-005
1669,NA,NA,NA,NA,80,12,NA,NA,NA,5.29E-004
1670,NA,NA,NA,NA,80,13,NA,NA,NA,1.20E-003
1671,NA,NA,NA,NA,80,14,NA,NA,NA,3.52E-003
1672,NA,NA,NA,NA,80,15,NA,NA,NA,6.61E-003
1673,NA,NA,NA,NA,80,16,NA,NA,NA,1.20E-002
1674,NA,NA,NA,NA,80,17,NA,NA,NA,1.74E-002
1675,NA,NA,NA,NA,80,18,NA,NA,NA,2.39E-002
1676,NA,NA,NA,NA,80,19,NA,NA,NA,3.44E-002
1677,NA,NA,NA,NA,80,20,NA,NA,NA,4.15E-002
1678,NA,NA,NA,NA,80,21,NA,NA,NA,4.91E-002
1679,NA,NA,NA,NA,80,22,NA,NA,NA,5.56E-002
1680,NA,NA,NA,NA,80,23,NA,NA,NA,6.06E-002
1681,NA,NA,NA,NA,80,24,NA,NA,NA,6.40E-002
1682,NA,NA,NA,NA,80,25,NA,NA,NA,6.73E-002
1683,NA,NA,NA,NA,80,26,NA,NA,NA,6.81E-002
1684,NA,NA,NA,NA,80,27,NA,NA,NA,6.85E-002
1685,NA,NA,NA,NA,80,28,NA,NA,NA,6.89E-002
1686,NA,NA,NA,NA,80,29,NA,NA,NA,6.94E-002
1687,NA,NA,NA,NA,80,30,NA,NA,NA,7.42E-002
1688,NA,NA,NA,NA,80,31,NA,NA,NA,8.59E-002
1689,NA,NA,NA,NA,80,32,NA,NA,NA,9.95E-002
1690,NA,NA,NA,NA,88,-32,NA,NA,NA,1.24E-001
1691,NA,NA,NA,NA,88,-31,NA,NA,NA,1.10E-001
1692,NA,NA,NA,NA,88,-30,NA,NA,NA,9.16E-002
1693,NA,NA,NA,NA,88,-29,NA,NA,NA,6.99E-002
1694,NA,NA,NA,NA,88,-28,NA,NA,NA,4.36E-002
1695,NA,NA,NA,NA,88,-27,NA,NA,NA,2.48E-002
1696,NA,NA,NA,NA,88,-26,NA,NA,NA,1.13E-002
1697,NA,NA,NA,NA,88,-25,NA,NA,NA,4.34E-003
1698,NA,NA,NA,NA,88,-24,NA,NA,NA,1.47E-003
1699,NA,NA,NA,NA,88,-23,NA,NA,NA,6.89E-005
1700,NA,NA,NA,NA,88,-22,NA,NA,NA,4.54E-007
1701,NA,NA,NA,NA,88,-21,NA,NA,NA,3.7253471427481496e-10
1702,NA,NA,NA,NA,88,-20,NA,NA,NA,3.7253471427481496e-10
1703,NA,NA,NA,NA,88,-19,NA,NA,NA,3.7253471427481496e-10
1704,NA,NA,NA,NA,88,-18,NA,NA,NA,3.7253471427481496e-10
1705,NA,NA,NA,NA,88,-17,NA,NA,NA,3.7253471427481496e-10
1706,NA,NA,NA,NA,88,-16,NA,NA,NA,3.7253471427481496e-10
1707,NA,NA,NA,NA,88,-15,NA,NA,NA,3.7253471427481496e-10
1708,NA,NA,NA,NA,88,-14,NA,NA,NA,3.7253471427481496e-10
1709,NA,NA,NA,NA,88,-13,NA,NA,NA,3.7253471427481496e-10
1710,NA,NA,NA,NA,88,-12,NA,NA,NA,3.7253471427481496e-10
1711,NA,NA,NA,NA,88,-11,NA,NA,NA,3.7253471427481496e-10
1712,NA,NA,NA,NA,88,-10,NA,NA,NA,3.7253471427481496e-10
1713,NA,NA,NA,NA,88,-9,NA,NA,NA,3.7253471427481496e-10
1714,NA,NA,NA,NA,88,-8,NA,NA,NA,3.7253471427481496e-10
1715,NA,NA,NA,NA,88,-7,NA,NA,NA,3.7253471427481496e-10
1716,NA,NA,NA,NA,88,-6,NA,NA,NA,3.7253471427481496e-10
1717,NA,NA,NA,NA,88,-5,NA,NA,NA,3.7253471427481496e-10
1718,NA,NA,NA,NA,88,-4,NA,NA,NA,3.7253471427481496e-10
1719,NA,NA,NA,NA,88,-3,NA,NA,NA,3.7253471427481496e-10
1720,NA,NA,NA,NA,88,-2,NA,NA,NA,3.7253471427481496e-10
1721,NA,NA,NA,NA,88,-1,NA,NA,NA,3.7253471427481496e-10
1722,NA,NA,NA,NA,88,0,NA,NA,NA,3.7253471427481496e-10
1723,NA,NA,NA,NA,88,1,NA,NA,NA,3.7253471427481496e-10
1724,NA,NA,NA,NA,88,2,NA,NA,NA,3.7253471427481496e-10
1725,NA,NA,NA,NA,88,3,NA,NA,NA,3.7253471427481496e-10
1726,NA,NA,NA,NA,88,4,NA,NA,NA,3.7253471427481496e-10
1727,NA,NA,NA,NA,88,5,NA,NA,NA,3.7253471427481496e-10
1728,NA,NA,NA,NA,88,6,NA,NA,NA,3.7253471427481496e-10
1729,NA,NA,NA,NA,88,7,NA,NA,NA,3.73E-010
1730,NA,NA,NA,NA,88,8,NA,NA,NA,1.18E-007
1731,NA,NA,NA,NA,88,9,NA,NA,NA,6.64E-006
1732,NA,NA,NA,NA,88,10,NA,NA,NA,2.39E-004
1733,NA,NA,NA,NA,88,11,NA,NA,NA,1.29E-003
1734,NA,NA,NA,NA,88,12,NA,NA,NA,4.17E-003
1735,NA,NA,NA,NA,88,13,NA,NA,NA,8.51E-003
1736,NA,NA,NA,NA,88,14,NA,NA,NA,1.39E-002
1737,NA,NA,NA,NA,88,15,NA,NA,NA,1.86E-002
1738,NA,NA,NA,NA,88,16,NA,NA,NA,2.57E-002
1739,NA,NA,NA,NA,88,17,NA,NA,NA,3.35E-002
1740,NA,NA,NA,NA,88,18,NA,NA,NA,4.11E-002
1741,NA,NA,NA,NA,88,19,NA,NA,NA,4.98E-002
1742,NA,NA,NA,NA,88,20,NA,NA,NA,5.48E-002
1743,NA,NA,NA,NA,88,21,NA,NA,NA,6.00E-002
1744,NA,NA,NA,NA,88,22,NA,NA,NA,6.38E-002
1745,NA,NA,NA,NA,88,23,NA,NA,NA,6.67E-002
1746,NA,NA,NA,NA,88,24,NA,NA,NA,6.78E-002
1747,NA,NA,NA,NA,88,25,NA,NA,NA,6.83E-002
1748,NA,NA,NA,NA,88,26,NA,NA,NA,6.87E-002
1749,NA,NA,NA,NA,88,27,NA,NA,NA,6.87E-002
1750,NA,NA,NA,NA,88,28,NA,NA,NA,6.88E-002
1751,NA,NA,NA,NA,88,29,NA,NA,NA,6.90E-002
1752,NA,NA,NA,NA,88,30,NA,NA,NA,7.19E-002
1753,NA,NA,NA,NA,88,31,NA,NA,NA,8.12E-002
1754,NA,NA,NA,NA,88,32,NA,NA,NA,9.49E-002
1755,NA,NA,NA,NA,96,-32,NA,NA,NA,1.28E-001
1756,NA,NA,NA,NA,96,-31,NA,NA,NA,1.15E-001
1757,NA,NA,NA,NA,96,-30,NA,NA,NA,9.82E-002
1758,NA,NA,NA,NA,96,-29,NA,NA,NA,7.88E-002
1759,NA,NA,NA,NA,96,-28,NA,NA,NA,5.20E-002
1760,NA,NA,NA,NA,96,-27,NA,NA,NA,3.00E-002
1761,NA,NA,NA,NA,96,-26,NA,NA,NA,1.51E-002
1762,NA,NA,NA,NA,96,-25,NA,NA,NA,6.19E-003
1763,NA,NA,NA,NA,96,-24,NA,NA,NA,2.48E-003
1764,NA,NA,NA,NA,96,-23,NA,NA,NA,2.74E-004
1765,NA,NA,NA,NA,96,-22,NA,NA,NA,3.66E-006
1766,NA,NA,NA,NA,96,-21,NA,NA,NA,1.86E-009
1767,NA,NA,NA,NA,96,-20,NA,NA,NA,3.7253471427481496e-10
1768,NA,NA,NA,NA,96,-19,NA,NA,NA,3.7253471427481496e-10
1769,NA,NA,NA,NA,96,-18,NA,NA,NA,3.7253471427481496e-10
1770,NA,NA,NA,NA,96,-17,NA,NA,NA,3.7253471427481496e-10
1771,NA,NA,NA,NA,96,-16,NA,NA,NA,3.7253471427481496e-10
1772,NA,NA,NA,NA,96,-15,NA,NA,NA,3.7253471427481496e-10
1773,NA,NA,NA,NA,96,-14,NA,NA,NA,3.7253471427481496e-10
1774,NA,NA,NA,NA,96,-13,NA,NA,NA,3.7253471427481496e-10
1775,NA,NA,NA,NA,96,-12,NA,NA,NA,3.7253471427481496e-10
1776,NA,NA,NA,NA,96,-11,NA,NA,NA,3.7253471427481496e-10
1777,NA,NA,NA,NA,96,-10,NA,NA,NA,3.7253471427481496e-10
1778,NA,NA,NA,NA,96,-9,NA,NA,NA,3.7253471427481496e-10
1779,NA,NA,NA,NA,96,-8,NA,NA,NA,3.7253471427481496e-10
1780,NA,NA,NA,NA,96,-7,NA,NA,NA,3.7253471427481496e-10
1781,NA,NA,NA,NA,96,-6,NA,NA,NA,3.7253471427481496e-10
1782,NA,NA,NA,NA,96,-5,NA,NA,NA,3.7253471427481496e-10
1783,NA,NA,NA,NA,96,-4,NA,NA,NA,3.7253471427481496e-10
1784,NA,NA,NA,NA,96,-3,NA,NA,NA,3.7253471427481496e-10
1785,NA,NA,NA,NA,96,-2,NA,NA,NA,3.7253471427481496e-10
1786,NA,NA,NA,NA,96,-1,NA,NA,NA,3.7253471427481496e-10
1787,NA,NA,NA,NA,96,0,NA,NA,NA,3.7253471427481496e-10
1788,NA,NA,NA,NA,96,1,NA,NA,NA,3.7253471427481496e-10
1789,NA,NA,NA,NA,96,2,NA,NA,NA,3.7253471427481496e-10
1790,NA,NA,NA,NA,96,3,NA,NA,NA,3.7253471427481496e-10
1791,NA,NA,NA,NA,96,4,NA,NA,NA,1.30E-008
1792,NA,NA,NA,NA,96,5,NA,NA,NA,8.70E-007
1793,NA,NA,NA,NA,96,6,NA,NA,NA,2.35E-005
1794,NA,NA,NA,NA,96,7,NA,NA,NA,1.45E-004
1795,NA,NA,NA,NA,96,8,NA,NA,NA,7.53E-004
1796,NA,NA,NA,NA,96,9,NA,NA,NA,1.93E-003
1797,NA,NA,NA,NA,96,10,NA,NA,NA,4.42E-003
1798,NA,NA,NA,NA,96,11,NA,NA,NA,7.88E-003
1799,NA,NA,NA,NA,96,12,NA,NA,NA,1.48E-002
1800,NA,NA,NA,NA,96,13,NA,NA,NA,2.19E-002
1801,NA,NA,NA,NA,96,14,NA,NA,NA,2.93E-002
1802,NA,NA,NA,NA,96,15,NA,NA,NA,3.52E-002
1803,NA,NA,NA,NA,96,16,NA,NA,NA,4.18E-002
1804,NA,NA,NA,NA,96,17,NA,NA,NA,4.84E-002
1805,NA,NA,NA,NA,96,18,NA,NA,NA,5.47E-002
1806,NA,NA,NA,NA,96,19,NA,NA,NA,6.02E-002
1807,NA,NA,NA,NA,96,20,NA,NA,NA,6.31E-002
1808,NA,NA,NA,NA,96,21,NA,NA,NA,6.59E-002
1809,NA,NA,NA,NA,96,22,NA,NA,NA,6.76E-002
1810,NA,NA,NA,NA,96,23,NA,NA,NA,6.81E-002
1811,NA,NA,NA,NA,96,24,NA,NA,NA,6.84E-002
1812,NA,NA,NA,NA,96,25,NA,NA,NA,6.87E-002
1813,NA,NA,NA,NA,96,26,NA,NA,NA,6.87E-002
1814,NA,NA,NA,NA,96,27,NA,NA,NA,6.87E-002
1815,NA,NA,NA,NA,96,28,NA,NA,NA,6.87E-002
1816,NA,NA,NA,NA,96,29,NA,NA,NA,6.88E-002
1817,NA,NA,NA,NA,96,30,NA,NA,NA,7.04E-002
1818,NA,NA,NA,NA,96,31,NA,NA,NA,7.72E-002
1819,NA,NA,NA,NA,96,32,NA,NA,NA,8.96E-002
1820,NA,NA,NA,NA,104,-32,NA,NA,NA,1.33E-001
1821,NA,NA,NA,NA,104,-31,NA,NA,NA,1.21E-001
1822,NA,NA,NA,NA,104,-30,NA,NA,NA,1.04E-001
1823,NA,NA,NA,NA,104,-29,NA,NA,NA,8.82E-002
1824,NA,NA,NA,NA,104,-28,NA,NA,NA,6.36E-002
1825,NA,NA,NA,NA,104,-27,NA,NA,NA,3.84E-002
1826,NA,NA,NA,NA,104,-26,NA,NA,NA,2.02E-002
1827,NA,NA,NA,NA,104,-25,NA,NA,NA,9.07E-003
1828,NA,NA,NA,NA,104,-24,NA,NA,NA,3.99E-003
1829,NA,NA,NA,NA,104,-23,NA,NA,NA,8.78E-004
1830,NA,NA,NA,NA,104,-22,NA,NA,NA,3.29E-005
1831,NA,NA,NA,NA,104,-21,NA,NA,NA,5.36E-008
1832,NA,NA,NA,NA,104,-20,NA,NA,NA,3.7253471427481496e-10
1833,NA,NA,NA,NA,104,-19,NA,NA,NA,3.7253471427481496e-10
1834,NA,NA,NA,NA,104,-18,NA,NA,NA,3.7253471427481496e-10
1835,NA,NA,NA,NA,104,-17,NA,NA,NA,3.7253471427481496e-10
1836,NA,NA,NA,NA,104,-16,NA,NA,NA,3.7253471427481496e-10
1837,NA,NA,NA,NA,104,-15,NA,NA,NA,3.7253471427481496e-10
1838,NA,NA,NA,NA,104,-14,NA,NA,NA,3.7253471427481496e-10
1839,NA,NA,NA,NA,104,-13,NA,NA,NA,3.7253471427481496e-10
1840,NA,NA,NA,NA,104,-12,NA,NA,NA,3.7253471427481496e-10
1841,NA,NA,NA,NA,104,-11,NA,NA,NA,3.7253471427481496e-10
1842,NA,NA,NA,NA,104,-10,NA,NA,NA,3.7253471427481496e-10
1843,NA,NA,NA,NA,104,-9,NA,NA,NA,3.7253471427481496e-10
1844,NA,NA,NA,NA,104,-8,NA,NA,NA,3.7253471427481496e-10
1845,NA,NA,NA,NA,104,-7,NA,NA,NA,3.7253471427481496e-10
1846,NA,NA,NA,NA,104,-6,NA,NA,NA,3.7253471427481496e-10
1847,NA,NA,NA,NA,104,-5,NA,NA,NA,3.7253471427481496e-10
1848,NA,NA,NA,NA,104,-4,NA,NA,NA,3.7253471427481496e-10
1849,NA,NA,NA,NA,104,-3,NA,NA,NA,3.7253471427481496e-10
1850,NA,NA,NA,NA,104,-2,NA,NA,NA,3.7253471427481496e-10
1851,NA,NA,NA,NA,104,-1,NA,NA,NA,3.7253471427481496e-10
1852,NA,NA,NA,NA,104,0,NA,NA,NA,1.04E-008
1853,NA,NA,NA,NA,104,1,NA,NA,NA,3.00E-006
1854,NA,NA,NA,NA,104,2,NA,NA,NA,3.74E-005
1855,NA,NA,NA,NA,104,3,NA,NA,NA,4.07E-004
1856,NA,NA,NA,NA,104,4,NA,NA,NA,8.18E-004
1857,NA,NA,NA,NA,104,5,NA,NA,NA,1.36E-003
1858,NA,NA,NA,NA,104,6,NA,NA,NA,2.76E-003
1859,NA,NA,NA,NA,104,7,NA,NA,NA,4.61E-003
1860,NA,NA,NA,NA,104,8,NA,NA,NA,1.01E-002
1861,NA,NA,NA,NA,104,9,NA,NA,NA,1.56E-002
1862,NA,NA,NA,NA,104,10,NA,NA,NA,2.40E-002
1863,NA,NA,NA,NA,104,11,NA,NA,NA,2.83E-002
1864,NA,NA,NA,NA,104,12,NA,NA,NA,3.47E-002
1865,NA,NA,NA,NA,104,13,NA,NA,NA,4.08E-002
1866,NA,NA,NA,NA,104,14,NA,NA,NA,4.76E-002
1867,NA,NA,NA,NA,104,15,NA,NA,NA,5.28E-002
1868,NA,NA,NA,NA,104,16,NA,NA,NA,5.85E-002
1869,NA,NA,NA,NA,104,17,NA,NA,NA,6.19E-002
1870,NA,NA,NA,NA,104,18,NA,NA,NA,6.45E-002
1871,NA,NA,NA,NA,104,19,NA,NA,NA,6.68E-002
1872,NA,NA,NA,NA,104,20,NA,NA,NA,6.77E-002
1873,NA,NA,NA,NA,104,21,NA,NA,NA,6.81E-002
1874,NA,NA,NA,NA,104,22,NA,NA,NA,6.85E-002
1875,NA,NA,NA,NA,104,23,NA,NA,NA,6.87E-002
1876,NA,NA,NA,NA,104,24,NA,NA,NA,6.87E-002
1877,NA,NA,NA,NA,104,25,NA,NA,NA,6.87E-002
1878,NA,NA,NA,NA,104,26,NA,NA,NA,6.87E-002
1879,NA,NA,NA,NA,104,27,NA,NA,NA,6.87E-002
1880,NA,NA,NA,NA,104,28,NA,NA,NA,6.87E-002
1881,NA,NA,NA,NA,104,29,NA,NA,NA,6.88E-002
1882,NA,NA,NA,NA,104,30,NA,NA,NA,6.94E-002
1883,NA,NA,NA,NA,104,31,NA,NA,NA,7.32E-002
1884,NA,NA,NA,NA,104,32,NA,NA,NA,8.46E-002
1885,NA,NA,NA,NA,112,-32,NA,NA,NA,1.37E-001
1886,NA,NA,NA,NA,112,-31,NA,NA,NA,1.27E-001
1887,NA,NA,NA,NA,112,-30,NA,NA,NA,1.12E-001
1888,NA,NA,NA,NA,112,-29,NA,NA,NA,9.69E-002
1889,NA,NA,NA,NA,112,-28,NA,NA,NA,7.37E-002
1890,NA,NA,NA,NA,112,-27,NA,NA,NA,4.85E-002
1891,NA,NA,NA,NA,112,-26,NA,NA,NA,2.68E-002
1892,NA,NA,NA,NA,112,-25,NA,NA,NA,1.30E-002
1893,NA,NA,NA,NA,112,-24,NA,NA,NA,5.69E-003
1894,NA,NA,NA,NA,112,-23,NA,NA,NA,1.90E-003
1895,NA,NA,NA,NA,112,-22,NA,NA,NA,1.80E-004
1896,NA,NA,NA,NA,112,-21,NA,NA,NA,1.12E-006
1897,NA,NA,NA,NA,112,-20,NA,NA,NA,1.12E-009
1898,NA,NA,NA,NA,112,-19,NA,NA,NA,3.7253471427481496e-10
1899,NA,NA,NA,NA,112,-18,NA,NA,NA,3.7253471427481496e-10
1900,NA,NA,NA,NA,112,-17,NA,NA,NA,3.7253471427481496e-10
1901,NA,NA,NA,NA,112,-16,NA,NA,NA,3.7253471427481496e-10
1902,NA,NA,NA,NA,112,-15,NA,NA,NA,3.7253471427481496e-10
1903,NA,NA,NA,NA,112,-14,NA,NA,NA,3.7253471427481496e-10
1904,NA,NA,NA,NA,112,-13,NA,NA,NA,3.7253471427481496e-10
1905,NA,NA,NA,NA,112,-12,NA,NA,NA,3.7253471427481496e-10
1906,NA,NA,NA,NA,112,-11,NA,NA,NA,3.7253471427481496e-10
1907,NA,NA,NA,NA,112,-10,NA,NA,NA,3.7253471427481496e-10
1908,NA,NA,NA,NA,112,-9,NA,NA,NA,3.7253471427481496e-10
1909,NA,NA,NA,NA,112,-8,NA,NA,NA,3.7253471427481496e-10
1910,NA,NA,NA,NA,112,-7,NA,NA,NA,3.7253471427481496e-10
1911,NA,NA,NA,NA,112,-6,NA,NA,NA,3.7253471427481496e-10
1912,NA,NA,NA,NA,112,-5,NA,NA,NA,1.12E-009
1913,NA,NA,NA,NA,112,-4,NA,NA,NA,6.56E-008
1914,NA,NA,NA,NA,112,-3,NA,NA,NA,3.10E-006
1915,NA,NA,NA,NA,112,-2,NA,NA,NA,2.03E-004
1916,NA,NA,NA,NA,112,-1,NA,NA,NA,5.30E-004
1917,NA,NA,NA,NA,112,0,NA,NA,NA,7.79E-004
1918,NA,NA,NA,NA,112,1,NA,NA,NA,1.16E-003
1919,NA,NA,NA,NA,112,2,NA,NA,NA,2.54E-003
1920,NA,NA,NA,NA,112,3,NA,NA,NA,5.83E-003
1921,NA,NA,NA,NA,112,4,NA,NA,NA,1.17E-002
1922,NA,NA,NA,NA,112,5,NA,NA,NA,1.73E-002
1923,NA,NA,NA,NA,112,6,NA,NA,NA,2.42E-002
1924,NA,NA,NA,NA,112,7,NA,NA,NA,2.93E-002
1925,NA,NA,NA,NA,112,8,NA,NA,NA,3.28E-002
1926,NA,NA,NA,NA,112,9,NA,NA,NA,3.55E-002
1927,NA,NA,NA,NA,112,10,NA,NA,NA,4.01E-002
1928,NA,NA,NA,NA,112,11,NA,NA,NA,4.51E-002
1929,NA,NA,NA,NA,112,12,NA,NA,NA,5.30E-002
1930,NA,NA,NA,NA,112,13,NA,NA,NA,5.92E-002
1931,NA,NA,NA,NA,112,14,NA,NA,NA,6.29E-002
1932,NA,NA,NA,NA,112,15,NA,NA,NA,6.44E-002
1933,NA,NA,NA,NA,112,16,NA,NA,NA,6.62E-002
1934,NA,NA,NA,NA,112,17,NA,NA,NA,6.75E-002
1935,NA,NA,NA,NA,112,18,NA,NA,NA,6.79E-002
1936,NA,NA,NA,NA,112,19,NA,NA,NA,6.83E-002
1937,NA,NA,NA,NA,112,20,NA,NA,NA,6.87E-002
1938,NA,NA,NA,NA,112,21,NA,NA,NA,6.87E-002
1939,NA,NA,NA,NA,112,22,NA,NA,NA,6.87E-002
1940,NA,NA,NA,NA,112,23,NA,NA,NA,6.87E-002
1941,NA,NA,NA,NA,112,24,NA,NA,NA,6.87E-002
1942,NA,NA,NA,NA,112,25,NA,NA,NA,6.87E-002
1943,NA,NA,NA,NA,112,26,NA,NA,NA,6.87E-002
1944,NA,NA,NA,NA,112,27,NA,NA,NA,6.87E-002
1945,NA,NA,NA,NA,112,28,NA,NA,NA,6.87E-002
1946,NA,NA,NA,NA,112,29,NA,NA,NA,6.87E-002
1947,NA,NA,NA,NA,112,30,NA,NA,NA,6.90E-002
1948,NA,NA,NA,NA,112,31,NA,NA,NA,7.14E-002
1949,NA,NA,NA,NA,112,32,NA,NA,NA,8.00E-002
1950,NA,NA,NA,NA,120,-32,NA,NA,NA,1.41E-001
1951,NA,NA,NA,NA,120,-31,NA,NA,NA,1.32E-001
1952,NA,NA,NA,NA,120,-30,NA,NA,NA,1.18E-001
1953,NA,NA,NA,NA,120,-29,NA,NA,NA,1.05E-001
1954,NA,NA,NA,NA,120,-28,NA,NA,NA,8.40E-002
1955,NA,NA,NA,NA,120,-27,NA,NA,NA,6.11E-002
1956,NA,NA,NA,NA,120,-26,NA,NA,NA,3.54E-002
1957,NA,NA,NA,NA,120,-25,NA,NA,NA,1.86E-002
1958,NA,NA,NA,NA,120,-24,NA,NA,NA,8.30E-003
1959,NA,NA,NA,NA,120,-23,NA,NA,NA,3.23E-003
1960,NA,NA,NA,NA,120,-22,NA,NA,NA,6.86E-004
1961,NA,NA,NA,NA,120,-21,NA,NA,NA,1.28E-005
1962,NA,NA,NA,NA,120,-20,NA,NA,NA,2.64E-008
1963,NA,NA,NA,NA,120,-19,NA,NA,NA,3.7253471427481496e-10
1964,NA,NA,NA,NA,120,-18,NA,NA,NA,3.7253471427481496e-10
1965,NA,NA,NA,NA,120,-17,NA,NA,NA,3.7253471427481496e-10
1966,NA,NA,NA,NA,120,-16,NA,NA,NA,7.45E-010
1967,NA,NA,NA,NA,120,-15,NA,NA,NA,2.89E-007
1968,NA,NA,NA,NA,120,-14,NA,NA,NA,9.07E-007
1969,NA,NA,NA,NA,120,-13,NA,NA,NA,4.58E-006
1970,NA,NA,NA,NA,120,-12,NA,NA,NA,1.73E-005
1971,NA,NA,NA,NA,120,-11,NA,NA,NA,8.40E-005
1972,NA,NA,NA,NA,120,-10,NA,NA,NA,2.31E-004
1973,NA,NA,NA,NA,120,-9,NA,NA,NA,4.31E-004
1974,NA,NA,NA,NA,120,-8,NA,NA,NA,6.61E-004
1975,NA,NA,NA,NA,120,-7,NA,NA,NA,7.26E-004
1976,NA,NA,NA,NA,120,-6,NA,NA,NA,7.75E-004
1977,NA,NA,NA,NA,120,-5,NA,NA,NA,7.90E-004
1978,NA,NA,NA,NA,120,-4,NA,NA,NA,8.31E-004
1979,NA,NA,NA,NA,120,-3,NA,NA,NA,1.51E-003
1980,NA,NA,NA,NA,120,-2,NA,NA,NA,4.67E-003
1981,NA,NA,NA,NA,120,-1,NA,NA,NA,7.01E-003
1982,NA,NA,NA,NA,120,0,NA,NA,NA,1.24E-002
1983,NA,NA,NA,NA,120,1,NA,NA,NA,1.99E-002
1984,NA,NA,NA,NA,120,2,NA,NA,NA,2.83E-002
1985,NA,NA,NA,NA,120,3,NA,NA,NA,3.60E-002
1986,NA,NA,NA,NA,120,4,NA,NA,NA,3.78E-002
1987,NA,NA,NA,NA,120,5,NA,NA,NA,3.95E-002
1988,NA,NA,NA,NA,120,6,NA,NA,NA,4.35E-002
1989,NA,NA,NA,NA,120,7,NA,NA,NA,4.68E-002
1990,NA,NA,NA,NA,120,8,NA,NA,NA,5.38E-002
1991,NA,NA,NA,NA,120,9,NA,NA,NA,5.75E-002
1992,NA,NA,NA,NA,120,10,NA,NA,NA,6.25E-002
1993,NA,NA,NA,NA,120,11,NA,NA,NA,6.39E-002
1994,NA,NA,NA,NA,120,12,NA,NA,NA,6.61E-002
1995,NA,NA,NA,NA,120,13,NA,NA,NA,6.74E-002
1996,NA,NA,NA,NA,120,14,NA,NA,NA,6.87E-002
1997,NA,NA,NA,NA,120,15,NA,NA,NA,6.85E-002
1998,NA,NA,NA,NA,120,16,NA,NA,NA,6.88E-002
1999,NA,NA,NA,NA,120,17,NA,NA,NA,6.89E-002
2000,NA,NA,NA,NA,120,18,NA,NA,NA,6.88E-002
2001,NA,NA,NA,NA,120,19,NA,NA,NA,6.91E-002
2002,NA,NA,NA,NA,120,20,NA,NA,NA,6.90E-002
2003,NA,NA,NA,NA,120,21,NA,NA,NA,6.92E-002
2004,NA,NA,NA,NA,120,22,NA,NA,NA,6.93E-002
2005,NA,NA,NA,NA,120,23,NA,NA,NA,6.94E-002
2006,NA,NA,NA,NA,120,24,NA,NA,NA,6.96E-002
2007,NA,NA,NA,NA,120,25,NA,NA,NA,7.00E-002
2008,NA,NA,NA,NA,120,26,NA,NA,NA,7.00E-002
2009,NA,NA,NA,NA,120,27,NA,NA,NA,7.14E-002
2010,NA,NA,NA,NA,120,28,NA,NA,NA,7.10E-002
2011,NA,NA,NA,NA,120,29,NA,NA,NA,7.19E-002
2012,NA,NA,NA,NA,120,30,NA,NA,NA,7.41E-002
2013,NA,NA,NA,NA,120,31,NA,NA,NA,7.75E-002
2014,NA,NA,NA,NA,120,32,NA,NA,NA,8.84E-002
